"rgn_id","art_fish_2013","dem_dest_2013","dem_nondest_hb_2013","dem_nondest_lb_2013","direct_human_2013","light_2013","nutrient_2013","oa_2013","organic_2013","pel_hb_2013","pel_lb_2013","shipping_2013","slr_2013","sst_2013","rgn_name","eez_avg","nm3_avg","chi_2103"
1,3.39678947334818e-05,8.78389387787853e-05,0.000113971010277062,2.35816637502522e-06,0.0629930322122483,0.00092008026274106,0,0.191008574398988,0,8.68876794412307e-05,3.71287244655214e-06,0.0415459572927642,0.130443704310264,0.506685309544319,"Cocos Islands",0,0,0.9339253953395
2,0.00135985045330073,0.000407472550184323,0.000432367092471256,1.21854808922167e-05,0.0660721585651863,0.0105901555036876,0,0.172734974767527,0,0.000239734308787834,3.6526097554931e-05,0.231050243269352,0.225387300882075,0.637167517081531,"Christmas Island",0,0,1.34549048691417
3,0.000141728075652103,0.00197550896706494,0.000434653541852599,0.000247781185556169,0.0475155760383416,0.000858136489789745,0,0.074641571288795,0,0.000726342068210263,0.00012818827264555,0.0589853723778016,0.285733183277697,0.0713102788866969,"Norfolk Island",0,0,0.542698322066578
4,0,0,0,3.97589153518891e-06,0,0,0.0232773698634088,0.462863566317484,0.00196847759393688,0,0,0.0330022190513048,0.0754421762666667,0.0392253244504068,"Macquarie Island",0,0,0.635783110169152
5,0.000821311199658173,0.000346508752305463,6.03201113590028e-05,3.94946375144168e-08,0.0577895336258117,0.0047815887439357,0.0107230927674416,0.173547443968224,0.000436555147475624,0.000462976391513414,0.000152028793088347,0.136744379811772,0.332959404783905,0.394963765107591,"New Caledonia",9.70932437691451e-06,0.000626425473954728,1.1137889479521
6,0,0.00202212960216858,0.00555760333718131,0.000293575570742871,0.0928086458848099,0.000339117215071122,0.0143543049725855,0.18874462162931,0.00153072098569388,0.00161379637507715,1.25314075473287e-05,0.0565148589403689,0.170983402587459,0.644408561508134,"Vanuatu",2.307325632045e-05,0.000718774366311406,1.17918386985097
7,0.000619874954674552,0.00381870884622302,8.75803250278667e-06,5.94594789879398e-06,0.105474062073313,0.000239758379826596,1.57701794911509e-05,0.17288536450684,7.39318561254608e-07,0.00232727892684637,0.00102129729820782,0.0415262732470068,0.26982574306314,0.642406737687317,"Solomon Islands",4.85844316337857e-05,0.00165376223988952,1.24017631261877
8,0.00163078177577118,0.000890330247847008,0,0,0.110987916745757,0.00388774741441011,0.00529099791139187,0.259829754214023,0.000392590588974439,0.00156706287919884,0.000655690358604219,0.120318168474518,0.39927103629549,0.474585803846708,"Palau",1.70356763728756e-06,0.000310129942079598,1.37930788079291
9,0.000600135397222884,0.00318479644702453,2.62296523015368e-05,0,0.066818850979071,0.000659599403653144,0,0.243905540515705,0,0.00160735245955468,0.000822767942789089,0.0578227066064566,0.331850347150381,0.32999386670464,"Micronesia",0,0,1.03729219227212
10,0.000187603581333402,0.000766863937493456,0,0,0.0801300175026455,0.0232558805800447,0,0.202051052271463,0,0.00111565030410366,0.00023908644544841,0,0.0546314555459318,0.198825893363198,"Nauru",1.60885477322467e-06,0.00173179981743286,0.561203508118613
11,1.4960049606043e-06,0.00143324202935025,0,0,0.0602919927047367,0.000946121679927374,0,0.22491399978829,0,0.00168977316033736,0.00075258605372889,0.0512292842624149,0.249081660898095,0.390673627274793,"Marshall Islands",1.9575122254567e-06,0.000139663930603536,0.981013783553926
12,0,0,0,0,0,0.0032954681985851,0,0.21538543392872,0,0.000126273224709464,3.28011666005264e-05,0.197933850713588,0.030297142357148,0.580775190273236,"Wake Island",0,0,1.02784615652315
13,0.000116194561271907,7.88563380992809e-05,3.38637353294557e-05,0,0.0648549578988117,0.0188123800272091,0,0.250492367584006,0,0.000432722611694867,0.000286258954654372,0.169316762315621,0.0933367256581712,0.535438674237981,"Northern Mariana Islands and Guam",8.9900467714219e-06,0.00150015396626706,1.13319976357883
14,0.00580904214656472,0.0245858844727575,0.0119599891926693,0.000674976241787735,0.199991600306357,0.0914853921290893,0.416609287971474,0.164524375608701,0.166188937111518,0.0184121521120805,0.00182639403140423,0.458491079794112,0.179503318388872,0.243756854650869,"Taiwan",0,0,1.98381928316906
15,0.00354572749141449,0.0658525186248033,0.0489021486345359,0.00432863227887802,0.207231343036004,0.0068846356552475,0.0976056904288667,0.243763739096388,0.0184780747979155,0.132112504246819,0.0256910866150463,0.122775252321724,0.333638219343721,0.537807668040487,"Philippines",0.00307919700305933,0.029767602836572,1.84861724050696
16,0.000475722031959323,0.00336731161274216,0.00643327263269764,0.00362088917294402,0.0343389992616695,0.0070873959024131,0.150761913556954,0.0657157761623336,0.0203898234752795,0.000273780177344784,7.97135105140133e-05,0.0933363181216507,0.550132338990261,0.321734440602231,"Australia",0.000152730820515926,0.00349161186707219,1.25774769504533
17,1.98579633959335e-05,0.00056544025799763,0.000221898470171796,1.08210931996544e-06,0.0786103573213864,0.000751829427958257,0.0183050520255402,0.133230868813942,0.00253078718069311,0.00588976829644243,0.00320883472274835,0.0891997887122138,0.343571936490288,0.424360551337226,"Papua New Guinea",0.00037174576066879,0.00678761301288631,1.10046805333131
18,0.0123821216770852,0.00657310126601317,0.00731114958021265,9.86149273922461e-05,0.0882964873052151,0.0022688995000091,0.0231575607197045,0.178681931240632,0.0315962461343781,0.00490524858144484,0.00151540564346307,0.0921319005932259,0.323828486134024,0.843107160665353,"Fiji",3.79234471373539e-05,0.001568441700641,1.61072674097399
19,4.00863079570347e-05,0.000988254706218145,0,0,0.064683266137143,0.000953017536227966,0,0.180499219871412,0,0.00112588835736766,0.000481212258499516,0.0400109787396436,0.114280545060942,0.378909948206094,"Tuvalu",3.95915106036161e-08,9.63982697584602e-06,0.781972418291589
20,0.0041605651767038,0.0517090415131235,0.0296298198652761,0.00846633504225254,0.218271972476673,0.0930454342476173,0.340201055889537,0.0338337317026529,0.101687062944132,0.00692281954381269,0.00114725030793293,0.174107834683441,0.39783550235539,0.110618222529174,"South Korea",0.00325083454392111,0.0308099811561851,1.57163664888333
21,0.0114857766910688,0.0523783001163559,0.112364927752059,0.0156941396813256,0.253519739805993,0.00315712016655787,0.0854891503122327,0.00903784822805697,0.0616078095866042,0.0285558832612657,0.000608863724472718,0.0483816238863581,0.347237617414159,0.0857358529705523,"North Korea",0.0120403359401199,0.105470565075849,1.11525465336171
24,0.00379605556434048,0.188130303977412,0.0343293856385054,0.0379102815355374,0.122999532043038,0.0128397594078503,0.062166212626463,0.0713044440018809,0.00505136081857878,0.00125119716612203,0.00206456846758872,0.0578517847388305,0.456388426763723,0.142661350286232,"Cambodia",0.00186069232138065,0.0178293053802166,1.19874466259951
25,0.0237830644328677,0.0835720746198389,0.0280571357501606,0.00445461675008949,0.146349376864583,0.0550693302608988,0.363416998999679,0.106479199257272,0.0723659638808225,0.0142149468143462,0.00931556099687081,0.0885844426554782,0.493895748982849,0.263392977287057,"Thailand",0.00898265518201069,0.063759022531347,1.75295143776283
26,0.232839004742143,0.0670100971250091,0.139790443804946,0.00405431993549945,0.140915796674648,0.00281260667268816,0.110839491662635,0.225513698212381,0.00608695143873814,0.0923910983768114,0.0124638252998026,0.035715713284699,0.360604293100358,0.523511558467559,"Andaman and Nicobar",6.16395108046153e-05,0.00272430478397867,1.95454889846246
28,0.032612720729734,0.00712334167703021,0.00879240932221225,0.0162895244059412,0.145114744994203,0.00167830797553418,0.0749443842503437,0.19109109266743,0.00849879831763158,0.00512376684036889,0.00160689926650513,0.10051853949736,0.13912630468402,0.537099051669138,"Comoro Islands",0.000348242778630708,0.0160949814549026,1.26961988642127
29,0.00110487739825862,0.00492586934999856,0.00492538464389876,0.00668750882593428,0.201736753266137,0.0430637479482873,0,0.153638339438685,0,0.00819136832425421,0.0056620633914471,0.114822758709055,0.342905276953369,0.412061842161793,"Mayotte",0.000312338282299439,0.0164579742593609,1.29972579124812
30,0.000312099260031986,0.00104317176494409,0.00253311084353961,0.000203900993166661,0,0,0,0.204645603190769,0,0.00331197993110188,0.000246474731671201,0.0202546359192241,0.166299564269456,0.497003566351804,"Glorioso Islands",0,0,0.895854110501029
31,0.000115278308516565,0.00889546693188522,0.000161553167995217,5.68836175005894e-05,0.0298336090226155,0.00473759794880578,0.00149659176759425,0.143796909544448,0.000188109300096182,0.0060861972744576,0.000943341895717799,0.0507108621377581,0.206684459601745,0.51594011807739,"Seychelles",3.74866769026998e-06,0.000624973584780447,0.969646979632139
32,0.000181947389002914,0.00037007457204444,0.000149883594591976,7.76779999030435e-05,0.151070108033189,0.0904417844042519,0,0.23001259170349,0,0.00283160843092121,0.000578495451183293,0.254183934411514,0.108264562231383,1.13928648418161,"Reunion",9.13771113810704e-05,0.0144549702983532,1.97744915581577
33,0.000150538413455606,0.000652109916019378,0.000225352359867784,8.17165260452219e-06,0,0,0,0.208803013763963,0,0.00337196709675326,0.000292630977060193,0.0769410039133885,0.118373066983758,0.361772449816612,"Juan de Nova Island",0,0,0.770590303894033
34,0.000117888670055228,0.000614601441172948,0.000212765749148536,1.19728403995779e-06,0,0,0,0.158677370113195,0,0.00105438724545457,0.000232452256584605,0.0640257206903389,0.200255330717354,0.231148789582327,"Bassas da India",0,0,0.656340505034603
35,0.000191589641401841,0.000551268568258443,3.84953878061612e-07,1.46806542132034e-06,0,0,0,0.211505804146672,0,0.00177705522929188,0.000215774371538608,0.0404759068844904,0.0597663314948822,0.153023807825681,"Ile Europa",0,0,0.467509389052103
36,0.000162990387239371,0.000298110260262773,6.32257247394113e-07,4.68089591027076e-06,0,0,0,0.213151220748894,0,0.00227686355016228,0.00013086236047284,0.0664289183098904,0.0281225961707804,0.879766279328479,"Ile Tromelin",0,0,1.19034314503635
37,0.00411486605754731,0.000101297281729215,0.00249603930484098,2.75739939745874e-08,0.079198671958881,0.0178562786480056,0.133915457103503,0.182977148731186,0.160421386106591,0.0017013694484025,0.00059989162570619,0.162871032436938,0.190476657352461,0.728740410663513,"Mauritius",4.22002953409938e-05,0.0106945874733633,1.6654705342171
38,4.42346789338241e-05,2.31564968671103e-06,1.20800464196503e-06,2.6943294528228e-06,0,0.00808364222272615,0,0.142426878380135,0,0.00017700115357122,3.38211190390208e-05,0.00733463557175368,0.224661779795304,0.34291101077864,"British Indian Ocean Territory",0,0,0.725679219714866
39,0.00142109884400265,0.000713010085988474,0.00240712805667768,0.00229423981500959,0.106073083397276,0.00806463791923851,0,0.122331165601833,0,0.00136851378379179,0.0289681901216123,0.141975326062798,0.259388673291651,0.528805332361326,"Maldives",6.15641448424389e-06,0.000182585566762086,1.20381039974689
40,0.0263749766527683,0.0455848022341014,0.0999911766474075,0.000749165477920736,0.228433640107039,0.0303792236539232,0.557541912351792,0.0788190917253871,0.0432113254400825,0.0188339153491766,0.0039922561580058,0.124360587800478,0.371117150335094,0.184446979014652,"Sri Lanka",0.00259767610684575,0.109242452516763,1.81383620339838
41,0.0170589157443829,0.0431923263993883,4.98687121815636e-05,1.2615628100491e-05,0.125438354823339,0.0051322322712109,0.182494219276522,0.077030118592208,0.0550722618822231,4.4193711855383e-05,4.21484025647339e-05,0.0537791465737286,0.356900266820804,0.171934487897617,"Mozambique",0.00810944183081889,0.143511808743831,1.08818115695456
42,0.00523270190296842,0.0225253291723974,6.43700650375475e-07,5.83357912150137e-07,0.109534316657988,0.000997293482973961,0.0395738211618018,0.0967115559411944,0.00458019528873383,0.000127999860591878,0.000389302027228272,0.0304452733797485,0.344643527718215,0.325185216509244,"Madagascar",0.0022557070599453,0.0623556561011748,0.979947759946664
43,0.0272420241661266,0.00986365701789544,0.00196007398241759,0.000390450545356737,0.180673283087567,0.0119789845088119,0.523664963038869,0.100880956826901,0.125822451263391,0.00485961329702752,0.00272252523515018,0.00804700999431552,0.322648888319965,0.292267164981191,"Kenya",0.0124825837287201,0.255647655050787,1.6130220454852
44,0.00265174332969733,0.0252186269375526,2.31955931565432e-05,3.75910016110671e-05,0.0716862167322349,0.000708238222312141,0.0441658303624369,0.0574477217996674,0.0123788772553577,2.17644662550761e-05,1.92690266664896e-05,0.0186660074382281,0.341379442822595,0.199661616283413,"Somalia",0.00191488563307991,0.0501615753024891,0.774066141224583
45,0.00100564675254231,0.00270412072956273,0.0028071135653317,0.00204826729924276,0.0477993336242289,0.000463293658013177,0.000392590229182904,0.0305029755951822,3.16775003273674e-05,0.000290126971086625,0.000169165679885672,0.0585099362170529,0.383376806302734,0.193621769606468,"Eritrea",0.00347693002700493,0.0119049932796318,0.723722823939898
46,0.0103822510453593,0.00981340617183132,0.00227718774232096,0.000489208270820743,0.109006073578521,0.0214100773961308,1.6947814425243e-06,0.0904216444035878,0,0.0016006540640569,0.0014673676102712,0.0923490894192802,0.202507609510807,0.247574388088966,"Djibouti",0.00878307234533041,0.0240318658684417,0.789300652582861
47,0.024087932210949,0.0624900635064205,0.0239448969698703,0.00115697030678346,0.0940913784965612,0.0104573852356218,0.0670846076444093,0.0593483620985281,0.00740264797012712,0.0172677726024077,0.00572359790722587,0.172346540838205,0.314895469143864,0.220427274494854,"Yemen",0.00402504047421435,0.0826129745310746,1.08072489911776
48,0.0138556143363565,0.0490902167388983,6.07936996668172e-05,8.92593029765458e-06,0.0783151331288608,0.0539351839283425,0.0996955522152481,0.0480812057704641,0.00468333460778409,0.0188079969449187,0.00702572616841481,0.155088936986647,0.274200785463007,0.308628796943714,"Oman",0.000466294353194971,0.0117772318263088,1.1114782028316
49,0.0582583641850394,0.099199715843699,0.219078427604283,0.023945413825678,0.0426866032942939,0.00283515110272569,0.0149203398546729,0.0619608450475984,0.00091752401678614,0.0652998448381924,0.0134330221275686,0.12267916360613,0.303731909534516,0.460237607792428,"Sudan",0.00900604174103595,0.0413527840151851,1.4891839306438
50,0.0687080054862214,0.105441095391574,0.092935823701632,0.0531697856240624,0.0739193930704909,0.0463647269436295,0.13920519438246,0.0633724426525474,0.00711334537000698,0.0438002317490898,0.0105850901909838,0.149362702689834,0.373473973898514,0.373949004735879,"Saudi Arabia",0.00462325895398066,0.022321450346881,1.60140081556985
51,0.0277101772192964,0.0513382859346166,0.164883866619378,0.0132380660279011,0.221042029606178,0.147980207217188,0.198065156343596,0.0478463434996229,0.0355775188247556,0.0171357150584754,0.00475485473139017,0.189198238377867,0.292803051284864,0.221003265698437,"Kuwait",0.0202555980390803,0.0733186812227377,1.63257677708752
52,0.0363575293750091,0.110162696344356,0.146628738660416,0.194221801893756,0.180622337366705,0.241202582269338,0.195826038250987,0.0312300242668559,0.0180454391886948,0.0101845528131714,0.00542858707671807,0.0900892053049442,0.42949711375723,0.0990275183187791,"Bahrain",0.0107844770032228,0.0437406701659768,1.78852416505855
53,0.0214425128614853,0.359220901660576,0.00820887411282618,0.00223212654188816,0.127103085062234,0.0134264190185383,0.350955663281691,0.0275671741642994,0.0997903565048122,0.0459172229668837,0.0124776514389671,0.092513025370519,0.374329035651638,0.22207984709814,"Pakistan",0.00955723272932522,0.201178062732056,1.75726389539479
54,0.0133016353957436,0.0318264160192632,0.00268329977214723,0.0143085036036137,0.121337379711595,0.1138610486509,0.119272057285081,0.0381872728894838,0.0202264567107001,0.00372190096846005,0.00368990748073646,0.214881628228651,0.40247320477386,0.175152820821646,"United Arab Emirates",0.00874592097480778,0.0314008242111106,1.2749235331984
55,0.00249897660082462,0.0119530081071545,0.000926494803675702,0.000831726065531454,0.0900853024561356,0.0193059963989438,0.0987156276502519,0.357676553803514,0.0457898844876378,0.0140245727442229,0.00179062962529773,0.345248608006481,0.0554885734992875,0.216624631297728,"Azores",9.6582107863656e-06,0.00137770991891215,1.26096058652133
56,0.000654294861411184,0.00169219346057782,0,0,0.0958662651619192,0.00525497849730771,0.0282664857012901,0.123859310303034,0.00257090766847898,0.00146970682218745,0.000756436208204136,0.171899606635629,0.130335662530632,1.15465808755645,"Cape Verde",4.56976729626375e-05,0.00381819052182055,1.71728393559877
57,0.000412861669648871,0.0180442990780388,0.00124102721063312,0.00136011672874468,0.06513066221489,0.0269504956419716,0.0419281910427891,0.363632749361492,0.0172066233227518,0.0264857544944744,0.0020239514000106,0.259068738288954,0.0687344517342551,0.524432186775035,"Madeira",2.19451126392389e-05,0.00367739575289335,1.4166521071997
58,0.000352412533497294,0.0170157761061261,0.0142449755707379,0.00656841028403401,0.133479814151947,0.045923548614334,0.110095815148026,0.283215597954553,0.0199147370103073,0.0333403875679088,0.00691590595934641,0.376804994654422,0.135799866270527,0.768718534466862,"Canary Islands",0.000206266398168806,0.00920998642826505,1.9523907761632
59,0.000159392431372781,0.0286467195906156,0.038757887780577,0.00643079782550266,0.27786625775216,0.307391397771146,0.36836223836638,0.0722140519203042,0.0945618503759787,0.00150317016270679,0.0013376719272825,0.384041096023518,0.173988736808586,0.0609803790253379,"Belgium",0.0121567058825999,0.0727075723160256,1.8162416439834
60,1.48253619195327e-05,0.0161280764283937,0.000854312295922924,0.00113469193777104,0.197377981669312,0.167905729682689,0.318443870735825,0.276968415860736,0.0802814116650218,0.0171693989754988,0.00377537078040421,0.711047772420656,0.101207553520115,0.503464487577797,"Gibraltar",0.00845582397584648,0.0285306235416493,2.39577390950754
61,0.00926843461498523,0.0775633749238753,0.015744542324676,0.00145470590449618,0.179885349318427,0.0438819775490334,0.262831899002388,0.191557516744386,0.077163913158375,0.0126849888745894,0.0131267644335331,0.248137856804722,0.308970873297621,0.375315371637352,"Tunisia",0.00625254481706607,0.0613829252386165,1.81758756891404
62,0.000196289160350141,0.140482338142504,0.063263117429436,0.0659081203171537,0.225479797970108,0.0464248236211723,0.435437137522603,0.174858005760269,0.138679530845211,0.110508508890965,0.100161848628703,0.22069158065016,0.244893761251414,0.336880211453826,"Morocco",0.00638302787794953,0.139471301218501,2.3038650730229
63,0.00666451646646636,0.0359508999027499,0.0120145731051556,0.00515676973150571,0.0519747994608008,0.00861374154537426,2.46194969871788e-06,0.0567322946610556,2.81200424419706e-07,0.0199883874279265,0.0113730946679065,0.185290291548,0.383455661569462,0.200898887142199,"Western Sahara",4.64688549561898e-05,0.00127079259900272,0.978116660282369
64,0.114612093463079,0.0294913094917465,0.00641285980715165,0.00545393360691882,0.0457833306529205,0.00563665052997398,0.0282764036644674,0.0376837682297335,0.00457585565902498,0.0832475200801788,0.0218440815316945,0.105065437952737,0.317858682845819,0.408395486072645,"Mauritania",0.00218350331252579,0.0429105260615099,1.21433741490295
65,0.130464534737228,0.0682330421010751,0.00124384943270221,0.000947454971638068,0.301161879160273,0.0561654408440346,0.502207274123381,0.0546408246865305,0.156366191061001,0.0256769496940194,0.0517938814509117,0.181236686405,0.355366448600461,0.283217749653721,"Gambia",0.00982281752796818,0.394643832251107,2.16872220562668
66,0.0916569737505886,0.076856692542647,0.00178107305525426,0.00237403906508733,0.258600839710765,0.036773603711152,0.262907397805335,0.0603688027259112,0.0449541029572854,0.0161830490611135,0.0376644535876572,0.211243342836863,0.39071580602955,0.305417228784136,"Senegal",0.00959326197850392,0.319990637713397,1.79749740584785
67,0.00778240429016226,0.0251471376722055,0.000563778876280775,5.80647841687148e-05,0.108992410890157,0.0612891367502176,0.151598326047383,0.211949893030835,0.0244448184736586,0.0101909011886274,0.00273996425790737,0.186990717237911,0.332826590276509,0.522056517807711,"Libya",0.0007216862743273,0.0187681645751578,1.64663066194583
68,0.0013503269193841,0.00820629818033632,0.00488273989450296,0.00364726010294827,0.259274607401818,0.107325077501599,0.165072907554149,0.371242249975327,0.0390495277707574,0.00318127256445372,0.00207310706623959,0.689689217399561,0.167723874285422,0.597360130077209,"Malta",0.000354251446705969,0.0193098729220719,2.42007859424186
69,1.6162399366939e-05,0.00137233943443121,0.000655479663028608,6.27437158296424e-05,0.120822623699809,0.0285836948854024,0.486456787778316,0.0887463557628231,0.163403294864207,0.00901884258256141,0.00352946830654806,0.209731908328242,0.20076976922824,0.196770377397903,"Latvia",0.00778784348314177,0.0592433771972341,1.50993984707549
70,3.33473546960849e-05,0.00127322411405092,0.000450631885249651,8.38820667573296e-05,0.100282032124998,0.0218537868295036,0.203184913410724,0.119365536634086,0.0209392238472584,0.0115669629988851,0.00243301909352378,0.184859663296494,0.189494804046311,0.247000818373743,"Estonia",0.00329419704168933,0.0106081519454983,1.1028218462469
71,0.00024972324261883,0.000584991639607186,0.000806198292891407,0.00914732310529958,0.16649795940535,0.047030812498704,0.667934089273471,0.167949947917181,0.0623757378628066,0.00251526929341676,5.86680118385561e-06,0.400082940455257,0.355922193473255,0.689105465610596,"Bulgaria",0.00197576257923674,0.0338445734542251,2.57020851838571
72,0.000173744820296468,0.000251511219240477,0.000435224315899016,0.00316006101220203,0.132075667971301,0.0470212902959743,0.603617323604174,0.169759644796035,0.196471197069338,0.00356795478506523,0.000128724540865412,0.361724576627074,0.351698241863315,0.658251968355299,"Romania",0.0124662727468055,0.175849141341773,2.52833713142371
73,0.0106404663890632,0.0371153745780515,0.0376750245097288,0.0266217231686866,0.0200242144469177,0.00456857474037614,0.0291497852104242,0.370416639589349,0.0107350297665673,0.0395842817227305,0.00277353153609828,0.0358809439179609,0.156463481837077,0.277408114414498,"Russia",0.000344275581838144,0.00649314709745979,1.0590197820364
74,3.93953029928799e-06,0.0122243156025835,0.000188722920969061,0.00622564052801797,0.139319039200262,0.0414476661116726,0.235139294089349,0.61623111113265,0.0775629512185196,0.0038352322987159,0.00543485872234845,0.208027865249984,0.254130912972714,0.793280874880316,"Georgia",0.00534824916652116,0.0560067757507861,2.39305242344897
75,9.60719409541943e-06,0.00903832715311569,0.0552804852893237,0.00907933839835817,0.165082415182673,0.0174862061585982,0.586715307147249,0.384384416384773,0.323964394698102,0.00332358027488887,0.00240101403983169,0.204689971257071,0.426096854810165,0.438572604135637,"Ukraine",0.0112293512468151,0.0795945519613854,2.62612452439443
76,0.00757053188350239,0.0450922144373115,0.0225443722158188,0.0144525646513063,0.159241797240888,0.0487664255443338,0.499676351222294,0.286025256000742,0.168896331181408,0.0359692890019292,0.021954187728328,0.408847724229836,0.275344650114088,0.853319875676542,"Turkey",0.0120326621947688,0.0827550106564352,2.84770157054898
77,0.0070810960418166,0.0244251568404718,0.019513008243286,0.00481162260173668,0.0963291679806721,0.0630162450304701,0.502927375164991,0.0697745149153247,0.129055094496305,0.0133602454632774,0.0154438695162016,0.215033619262068,0.225865024460348,0.828703311121906,"Syria",0.010343176704718,0.0762966397454214,2.21533935032436
78,0.0134208207697088,0.0211407060550995,0.0122987525829053,0.00691691569101777,0.22041086858768,0.147429539989784,0.545532919539032,0.0856837073505515,0.238494957941008,0.0204960426584248,0.00854978339820072,0.303594724658581,0.147979655630773,0.98664937058259,"Lebanon",0.0136481148265338,0.148152620001192,2.75859876575987
79,0.00417622923930122,0.028429049752201,0.0169423673551254,0.00485441110911679,0.291272421166279,0.283182192263387,0.920763227806156,0.0286745833211681,0.234578036576595,0.00466358081886862,0.0023660487874501,0.204458189632568,0.449772715078232,0.372795588029109,"Israel",0.0248363859333874,0.377970362913519,2.84692864117875
80,0.00294985953536856,0.0178491083520016,0.00732414603168465,0.00339549489347976,0.121381468897193,0.0264856636109918,0.174655220549379,0.296823822373693,0.0276743068858779,0.00595416712044085,0.00325995221574605,0.485016024520566,0.204929686226922,1.13960494147238,"Greece",0.00178248813736445,0.0119831134789398,2.51730386268512
81,0.00177109521948252,0.0220809215181773,0.0035845327316292,0.00050770109742649,0.122638314090221,0.0405836957371976,0.215928393842993,0.139754996155419,0.0312335786728101,0.00619122895251126,0.00206349612528598,0.33015469335569,0.205610015178197,1.08128598963955,"Cyprus",0.000384642844635682,0.00763542795837126,2.20338865160855
82,0.00416557066406169,0.00559703797426647,0.0147621555091279,0.00255724020202511,0.188569084824974,0.030517749942299,0.542504496591682,0.197317264843851,0.122102719045579,0.00330436452530073,0.000794622958398513,0.273850594736588,0.342866151613086,0.367049682373777,"Albania",0.019074490926376,0.0790811832701223,2.09595873665962
84,0.00788611065473501,0.0188185562724599,0.0883850686953216,0.000949458788186072,0.263885886865618,0.0812989510054252,0.302136918364834,0.328255090762155,0.453638112932877,0.0559920139618149,0.0211971038971792,0.521783955309945,0.143970929030271,0.421322261951902,"Algeria",0.0102435304328185,0.141577006928647,2.70952041939188
85,0.00682549864306744,0.00457678411648517,1.14934632146986e-05,0.00106051193674541,0.0208354043973491,0.00318255932258733,0,0.132706222226682,0,0.00120982353379035,0.000649586324566818,0.0353067879742711,0.109516222094525,0.732814099661188,"Ascension",4.38967723561458e-08,4.0262837905506e-05,1.04869499871497
86,0,0.000137011579036797,0.000113624753695066,1.75214470611725e-05,0.0457195753788019,0.00195002726388055,0,0.2055499169782,0,0.0016758055471537,4.01015595789852e-05,0.0757230257736398,0.0847541136013997,0.110141693744446,"Saint Helena",2.71155494892929e-07,0.000191736959294014,0.525822420089276
88,4.30775725280405e-05,0.00398268227669716,0.000235320383490211,0.00156047032996849,0.00252197555718833,0,0,0.351161741790341,0,0.00359485516109945,0.000130630641758846,0.0656654451789648,0.0628028618935369,1.43556873169533,"Tristan da Cunha",8.4260841444196e-09,4.32823951566003e-06,1.92726779488997
89,2.27488108900864e-06,0.00153270308723995,2.25638849284919e-08,0.00204566707367838,0,8.43909511818855e-06,0,0.469411792258904,0,0.0170196385465808,1.08788625631657e-05,0.0344105642334133,0.139389372369859,0.603164407986286,"South Georgia and the South Sandwich Islands",0,0,1.26699575971824
90,0,4.46506828896567e-06,0,1.76836695526232e-05,0,0,0.193095111780812,0.445933115444606,0.0370922965699627,0,0,0.0692540411896344,0.0821263003009784,0.452482075338499,"Prince Edward Islands",0,0,1.28000509399402
91,0,2.63435823855434e-06,0,0.000235379179848408,0,0,0,0.499251199283619,0,1.14243815793228e-08,7.21945629943055e-09,0.0864541859722185,0.0629758905601917,0.365334739625374,"Crozet Islands",0,0,1.01425404749856
92,1.7297768501078e-07,1.26985952118283e-07,2.72270285807565e-07,5.59664632599605e-08,0,0,0,0.269058599593533,0,0.000277105881026932,1.77886866429563e-05,0.0651857565234231,0.0335190833374194,0.527799548300462,"Amsterdam Island and Saint Paul Island",0,0,0.895858508006782
93,3.19510517881607e-05,0.00140200990175959,0,0.00605281164463,0,0,0,0.385145261345291,0,3.4595740708147e-06,2.13708283232736e-06,0.0419691172209324,0.307435756397125,0.354677935361427,"Kerguelen Islands",0,0,1.09672044091866
94,4.28902755488924e-05,0.00416208748009965,0,0.00424559136287176,0,0,0,0.42775869573156,0,3.84911274414619e-05,2.62629863168297e-05,0.00192738551646471,0.173493439540977,0.645264928518307,"Heard and McDonald Islands",0,0,1.25695977761632
95,9.48820542832314e-06,0.0278969689484615,1.67537708895388e-06,6.99939386128128e-05,0.0033273126535394,0.000234649684688957,0,0.125773221907605,0,0.000128722289645233,0.000632728854979294,0.00738605562724269,0.385757262182132,0.0681455208313722,"Falkland Islands",3.07436992074173e-07,1.30208749773239e-05,0.619363600567877
96,0.201244639618625,0.0814167377041024,0.000206811357707746,0.000173801638989696,0.169077432184272,0.00604032410836256,0.41469424078239,0.0907430552993695,0.0832059627705105,0.0151540188080393,0.0057053351023239,0.105896104938982,0.427001238800821,0.261189808779517,"Sierra Leone",0.00362882651651125,0.135183591446192,1.86174951279142
97,0.00855254890725598,0.0140572879366291,0.0121363859529034,0.00952123566818941,0.0475527782379217,0.00609682894250426,0.251400488834079,0.0332956578956057,0.0232747093870621,0.00161049716038053,0.0010580155822308,0.122701185977796,0.398273201124344,0.160500029918285,"Liberia",0.00366996252428816,0.18697706323462,1.09003085122615
98,0.378320867692042,0.0793864763455705,0.00666613869575585,0.00420067572986655,0.254488522356207,0.0746040139288925,0.309178888523326,0.130533717666113,0.0621769909865915,0.058885335846334,0.0611211403614628,0.226846789374807,0.434351634479429,0.115920391498677,"Togo",0.0173344952799411,0.599763663292959,2.19668158225505
99,0.296945335062741,0.00909881280346982,0.000517234869384587,0.00100074019891071,0.172325557993718,0.0396288978241062,0.593570890775387,0.174108732369671,0.157463520240368,0.0208147736327286,0.0237532831639354,0.143213886079204,0.409118072428835,0.0455327280827579,"Benin",0.0418075715079119,0.93636561926884,2.08709246388894
100,0.125945651786788,0.0469325269304474,0.00795631033574399,0.0135975223170565,0.129666998689155,0.0733262069642041,0.035723413089778,0.0457924135592736,0.00333966247622656,0.0355999454432154,0.00704175580419284,0.148357603908451,0.313290634196891,0.060527121234247,"Republique du Congo",0.00453709064744281,0.135405637723945,1.04709776699711
101,0.00457159314415372,0.012392893938432,0.00218332720468451,0.00231541207238207,0.0158985226654294,0.00511858953466221,0.0291556172145803,0.0367885868371886,0.0233635629155573,0.00218440976323414,0.000771928150253364,0.119504693147224,0.24574213132124,0.20565627604914,"Namibia",0.000761737203575831,0.0292091740412041,0.705647543649106
102,0.000913515581637867,0.00529425841960205,0.00900383727807401,0.00236644876163896,0.106143590926102,0.0291071988365001,0.265602632251906,0.0814322794289194,0.0641363292853254,0.000648013952914751,0.00235193864676462,0.147015651562167,0.23780915008598,0.128678702751367,"South Africa",0.00128057181769139,0.0557178196338049,1.0805035478121
103,0.033742072825177,0.00492592185570157,0.000991343081835528,0.00114333643202975,0.0969182539526721,0.00509492508037817,0,0.116721765920476,0,0.00150546971943645,0.000631951109725778,0.13096858517084,0.180950473423908,0.293653451720096,"Sao Tome and Principe",0.000174409649458254,0.010130672585584,0.8672475501129
104,0.0425158721146306,0.00551015361908644,0.000611962420122427,0.000349352400644653,0.0679930153101334,0.0196686625175657,0.00188630972162912,0.0823911660348136,0.00016439628347122,0.00311114121598445,0.00127202608010356,0.124018010688259,0.252213835790318,0.154697871790165,"Equatorial Guinea",0.00019782714535633,0.0126980991789184,0.756403775626456
105,0,0,0,0,0,0,0,0.697721104974781,0,0,0,0.0925389165966519,0.0690005477047139,0.226478759649912,"Bouvet Island",0,0,1.08573933004903
106,0.0335380849089528,0.0644685119820168,0.0161554162639127,0.0212837267294995,0.0872137506658259,0.0274016139100641,0.409575340011098,0.0684502028559271,0.0976916065298365,0.00871871462733717,0.0145129204286035,0.213522864750212,0.44995377356685,0.106302429908367,"Ghana",0.0107310273100379,0.468207608841265,1.61878895744565
107,9.47802543773183e-06,4.53968787951453e-06,5.40090780824747e-07,0,0,0,0,0.116399424118655,0,0.000747959830498855,0.000139063937344222,0.144889024134193,0.0268176430463791,0.473346863814763,"Clipperton Island",0,0,0.762354529755456
108,0.00665968267161867,3.80018768745906e-05,0,0,0.245082951848035,0.130516496841587,0,0.243858866517513,0,0.00028347805234502,3.249797550956e-05,0.41872395335416,0.138914119892938,0.357870295340825,"Bermuda",7.40099705124161e-06,0.0058898776268794,1.54198034710893
110,0.000513380198619254,0.000994901631748394,0.00355918948513153,0,0.0448301459766898,0.00522629436959641,0.00877672459988123,0.152987890735066,0.000526633952729576,5.59899429493015e-06,3.76296081961804e-05,0.276316068475248,0.213879802957301,0.163579752718008,"Bahamas",3.78023581434216e-05,0.000451247028896055,0.871234013938004
111,0.0068367290894335,0.000467683461144873,0.000303630291261526,0,0.0476712617760992,0.0125393049322793,0,0.213990738723889,0,7.05731212893911e-06,5.09594608215666e-06,0.378539023373528,0.208997770766849,0.341775070392102,"Turks and Caicos Islands",1.38698900671066e-05,0.000484313820259577,1.21113336826173
112,0.00180636521833785,0.00231713415875232,0.000537444140869449,0,0.120829638126819,0.00620653558211831,0.193292487653319,0.143636835704206,0.0256741917305336,5.00444549955833e-05,0.000161315467524218,0.114347142875865,0.250797600216492,0.235246020563208,"Cuba",0.00184199512109231,0.012937210451049,1.09490275574951
113,0,0.000120551997218578,0.00102333452043692,0.000975077705196313,0.103003537231154,0.0478766542761583,0,0.243004986707848,0,3.36670643273463e-06,6.32130782010407e-07,0.360500231138454,0.0562336325955231,0.498871705927338,"Cayman Islands",2.22478477556092e-05,0.0018825155594344,1.31161371190587
114,0.0133123566194562,0.0223053939359727,0.00024660590781517,0.000255919240160685,0.187167420089012,0.00600558408625863,0.0226290701488133,0.223327058402371,0.0064635045698451,8.29595126058825e-05,2.98830635665971e-05,0.107479242507706,0.097862714557156,0.651533452229089,"Haiti",0.00758051983567896,0.0946261484919102,1.33870116457536
115,0.0124205465754324,0.00991203767165244,0.000186733084957125,2.60689604694053e-05,0.149170611862743,0.0241031281026203,0.266379499546067,0.191344694161088,0.0563199987867026,0.00101303477188552,0.000367090041240084,0.221897106349361,0.138081345920499,0.600936488992348,"Dominican Republic",0.00228230841282675,0.0682524819192431,1.67215838415855
116,0.00435221883958258,0.00732144113051023,0.00102294552537678,0.000218349996954002,0.146123906430961,0.067993990392058,0,0.181106610161463,0,0.000383769413089255,0.000390679727426744,0.255283063035668,0.189784055945857,0.745641082418879,"Puerto Rico and Virgin Islands of the United States",0.000906815754820707,0.0219266940058435,1.59962211309476
117,0.00733733842939452,0.00472114277187679,0.00148875170880327,0.000277408616444484,0.157771664268817,0.0242189796713156,0,0.161538319990272,0,0.000225816312996537,0.000548654585197474,0.405079299407851,0.242550254592263,0.60996277290606,"British Virgin Islands",2.15411265156426e-05,0.0012473794542944,1.61572040223795
118,0.00285143966881601,0.00298363831288065,0.00150920739905578,0.0010166127313916,0.0760934995047568,0.0235768078962206,0,0.141389403148219,0,0.000522951634863563,0.000140560563417643,0.30415708061937,0.214394723365214,0.58215596238376,"Anguilla",7.10157997914212e-06,0.000721239784642958,1.3507918845569
119,0.00112335485098053,0.00156537917688812,0.0064203225753369,0.0142105477003515,0.14701199255911,0.0382125161460832,0.00568965036584662,0.24824525490949,0.000718148703999892,0.000178075500130829,0.00016185620835232,0.700158409583263,0.086242575876151,0.897333831304596,"Saint Kitts and Nevis",0,0,2.14727191530596
120,0.0100252170116657,0.00291898804432311,0.0013538759884287,0.00360054441294763,0.115345693106109,0.0364391865400446,0.00287465353237702,0.187564481636323,0.00938459989422011,0.000434397067452474,0.000189535099049755,0.418147364227865,0.246333721567363,0.69098602607274,"Antigua and Barbuda",6.28139067625198e-05,0.00425714455086682,1.72559828527512
121,0.0107824773339745,0.00109470304132048,2.61307145786091e-06,3.21243669048349e-06,0.0807095316753901,0.00676503577368691,0,0.24027932292108,0,0.000976871416273365,0.000153083755852801,0.477103768590283,0.0709021777271273,0.921069720165527,"Montserrat",3.28570648434365e-05,0.000488278076197295,1.80984252326666
122,0.00354492122062208,0.00373499241193102,0.000253050995222987,6.62008913059725e-06,0.189709417299692,0.036544304993366,0.0676240869972918,0.205599225697563,0.010775205121773,0.00199821979424556,0.000452490161834884,0.214774182836988,0.104507025133156,1.10792732401117,"Saint Lucia",0.000581918401161681,0.00806806956861173,1.94745106548651
123,0.00124362105710151,0.00636764668981513,0.000183390251338029,4.97878426944989e-06,0.150856597425538,0.0146059788490638,0.0539860903520859,0.246113111652624,0.0087533215903323,0.00161074596263325,0.000266931676006111,0.362769279996973,0.137219191374842,1.02570765563902,"Dominica",0.000158010758514551,0.00378368589175621,2.00968854283122
124,0.0157350120083855,0.0017173014643682,5.78718093000055e-05,8.0796230125422e-06,0.229556125823898,0.0508794711655012,0.126163033981767,0.21498364349984,0.0273302579173185,0.00182717933089422,0.000438394742948376,0.22053196143221,0.104483188603462,1.16184822602906,"Barbados",6.56392724175687e-05,0.0126078116922304,2.1555597489129
125,0.00356157918717396,0.000151239606507678,0.000353089210291453,0.000370735996442631,0.151769396288445,0.0200273217148152,0.0415540060535369,0.185392039161737,0.00354377960620427,0.00293316383185542,0.000258371031931874,0.419005325617353,0.160121396763328,1.24326231553687,"Grenada",0.000250892574187483,0.00435589779941724,2.23230375639202
126,0.00153119731768267,0.00533800682011815,0.00483911575617249,0,0.184125784975726,0.081731358928919,0.117865362581926,0.0701028379954816,0.0153189177083969,0.000869917060656813,0.000492730209778476,0.251194110439098,0.346872914751409,0.498379531792109,"Trinidad and Tobago",0.00129471048534953,0.0182190238657999,1.57866178671044
127,0.00121756490831592,0.00211553222665264,0.00121849637320732,0.00345182760289349,0.127752213794115,0.00997375331853216,0.0235109380030195,0.1615797656748,0.00266783911411334,0.00365689111066135,0.000230168057514886,0.258641381491832,0.172605721310119,1.07471995656062,"Saint Vincent and the Grenadines",0.000176313889880258,0.0027854908684094,1.84334205018664
129,0.00799983081770735,0.037110198641797,0.00315342136227956,0.00296205668330224,0.100489463776624,0.00923142912686635,0.122977236796044,0.15174495165623,0.0179616996153338,0.0255580671176247,0.0119677104593016,0.17305085512157,0.229505962963587,0.440813074968518,"Panama",0.00082223207356484,0.0110199287447878,1.33452595924752
130,0.00364846111095473,0.025070895634179,0.0041145246939015,0.000111270662439315,0.112291363040862,0.0158729516545997,0.34691864728665,0.107282783808131,0.130360422115964,0.00615358966171993,0.00287666753256472,0.11668724702897,0.16275789643608,0.268701350032191,"Costa Rica",0.000798189433928112,0.0471737085321952,1.3028480700667
131,0.0210497882986117,0.0155080316756835,0.0169124067612531,6.53546713898907e-05,0.061512081670528,0.00269196677737951,0.182749560568338,0.197321278402873,0.0395998048097891,0.00115640968810427,0.000649865435157297,0.139878142924782,0.278829024671065,0.50336654099889,"Nicaragua",0.0013857211745074,0.0219342020091309,1.46129025748933
132,0.000844468476255124,0.0109984904194306,0.00224177041666118,0.000114436564947663,0.150888377483346,0.0168214439169163,0.367635834490809,0.120660111945122,0.231353233576575,0.00106321792899552,0.00104518763782017,0.181252050906317,0.240911274763818,0.437162065299501,"Colombia",0.0012781286823303,0.0373012618295297,1.76299196373683
133,0.0209886077137593,0.00980948410565097,0.000421163923895705,0.000289679929113508,0.126588735702756,0.0147291492129357,0.217681131176917,0.222432404621563,0.137416636685191,8.96427236379707e-05,0.00018583770711118,0.310062463378133,0.219936222238922,0.587332950271581,"Honduras",0.00206666180332569,0.0430088856965945,1.86796410937494
134,0.00690962979914944,0.0368078846818105,0.000692381340645807,5.21607254566255e-05,0.12900489605197,0.00947748317203533,0.770620897784464,0.0764090444005106,0.375930512571173,0.000143246557239339,0.000200550970763835,0.0963128345327983,0.184297969504592,0.214462663105622,"El Salvador",0.00531670659402163,0.181661874148162,1.90132215531519
135,0.0179220420115907,0.0785692481804011,0.00780769011460542,0.00181607291661723,0.0706231773174679,0.0140187395117575,0.290942052125049,0.126247621470261,0.161472870646683,0.0178222158058768,0.0108962089019714,0.0985784904609675,0.209500562212543,0.228839898581812,"Mexico",0.00152322476167563,0.0404740859639668,1.33505688998719
136,0.00390335825582151,0.032486853624705,0.00589445587265442,0.00945280846068212,0.111586071616284,0.0169782669321232,0.905409593976464,0.0866753496015417,0.648960349225178,0.00428033091597165,0.00134236663857057,0.103040955712242,0.220201120677976,0.149968981603219,"Guatemala",0.00784109315994306,0.283343582781473,2.30018086572513
137,0.00929395231777163,0.0152151801015241,0.00144992276910279,0.00133428559639062,0.100233405452446,0.018061733711505,0.187991369363593,0.0652311395187097,0.0832216910705827,0.0146891451394689,0.00376427455920176,0.077635622796327,0.147821986966147,0.0725998770317402,"Ecuador",0.000206326178007701,0.0123305065819529,0.798543586050086
138,0.0490609256607015,0.193446205887144,0.00048812281008904,0.0721138299283568,0.141897441190075,0.0244342982655838,0.222022598457006,0.167607476580469,0.135016831006279,0.0560880927699421,0.405174592700474,0.0918573545667733,0.131407841990315,0.0475007070954543,"Peru",0.00105474571590785,0.0416243450234019,1.73811631942493
139,0.00692413912102303,0.0253378534610951,0.0174336058901176,0.000139581764015163,0.10738720813828,0.0433064324559041,0.283727292619926,0.0717129660894305,0.0728882339236501,0.0016143867717813,0.00615014785679679,0.153818320183301,0.344330326038077,0.497053442578996,"Venezuela",0.00424572449078873,0.0672599418824507,1.63182393647307
140,0.00388050193228727,0.00651523946404044,0.000584438745082561,2.21425281198272e-05,0.173710760689273,0.059575892371072,0,0.245945127236039,0,0.00272020577195164,0.000589072133435139,0.403178159582758,0.143813117559511,1.048332461759,"Guadeloupe and Martinique",0.000253539587286322,0.00781278229208916,2.08886712022897
141,0.00283538121667801,0.0492352729011442,0.0889952717140445,0.00117485481366716,0.156615231976573,0.0118442937264363,0,0.222674462677359,0,0.0422015043088953,0.00248120009666246,0.311601950425018,0.230820524202703,0.719440925720882,"Faeroe Islands",1.27178709216629e-05,0.00115132240032968,1.83992087901518
143,0.000175448012534764,0.106727451392552,0.0481686504925083,0.0672639962596298,0.0369722964942676,0.0125236586725922,0.0558663917866849,0.296225222912849,6.29849036076794e-05,0.0738980209140917,0.0258741492203161,0.225719184483977,0.156607465797776,0.739501717995866,"Iceland",1.72978164245862e-05,0.000616477259767817,1.84558663872938
144,0.000843875856425322,0.0345747315149726,0.0489893803469799,0.00312771145947856,0.00122037449693951,0,0,0.729056174043115,0,0.0272805074462931,0.00365141184144497,0.115670144102311,0.0496883386765034,0.353736320284795,"Jan Mayen",0,0,1.36783897157839
145,0.000160110229060349,0.0148510224117285,0.0011635691126189,0.0163931772957216,0.00665009472523312,0.000237324805161639,5.42852206501213e-06,0.537092947288034,1.0799163788364e-07,0.00674260605178063,0.000524843724501112,0.033943948314207,0.195712171318919,0.353621226084051,"Greenland",8.12657936627808e-07,1.3003896685342e-05,1.16709857815099
146,0,0,0,0,0.00694411051058773,0,0,0.218062907095765,0,0,0,0.0782440447154554,0.0492720011607441,0.00329239942409374,"Pitcairn",0,0,0.355815464338124
147,0.000441538862772011,0.000687743061575771,1.37389262173142e-06,9.30057884737305e-08,0.0528890593907058,0.00229673021455467,0.000840754415246847,0.206800611954972,0.000212108286511479,0.000910862287519867,4.10177149334592e-05,0.0844733804469592,0.0869761009802254,0.136726877095164,"French Polynesia",2.26451934330107e-06,0.00017779129492493,0.573298251291698
148,0,0,0,0,0.048905697349909,0.00100653803558279,0,0.163929529660023,0,0,0,0.0528994056925104,0.0564185331135061,0.00572654480227374,"Line Islands (Kiribati)",6.44928223365318e-07,0.000371256047877747,0.328886248051828
149,0.000462181325053313,0.000894397515861065,1.45139853244742e-05,6.84326228953001e-05,0,0,0,0.123594748678353,0,0.00014073245659257,9.66783467402472e-05,0.100192394590488,0.00918632228341367,0,"Jarvis Island",0,0,0.234650403629115
150,0.000628477944551062,0.000813551624354426,0.000205428373767679,0.000141723192366037,0,0,0,0.18629438926351,0,0.000245650641636738,0.000124399069387254,0.107115755578052,0.0564044300960079,0.00768387143374697,"Palmyra Atoll",0,0,0.35965767737529
151,0.00261058137978891,0.0036557722187755,0.00130685666207765,0.000132293121366959,0.0949295800462497,0.0137940572115712,0,0.213887287962623,0,0.00213051124920298,0.000635462740606275,0.180117101577355,0.10214005557609,0.661815009733001,"American Samoa",5.82497575467927e-06,0.00140260451801693,1.27715456712351
152,0.0189412646107146,0.020610730809539,0.011340697721434,0,0.139309590801127,0.00613045474563006,0.000428992971163041,0.206999054936815,8.99121056405495e-05,0.00168798250569266,0.000526796916396469,0.0559139299433902,0.139653279805147,0.691850628892672,"Samoa",6.7041060262246e-05,0.00266555396129036,1.29348331696701
153,7.97745913023006e-05,0.000216062290657968,0.00017742034235304,5.6670406564961e-06,0.0460394423610491,0.00099367122880387,0.000325222778757395,0.211714707340951,8.95614536080264e-05,0.000272810227044342,0.000103685399643272,0.0656057172004254,0.0723551683730357,0.44260552551153,"Cook Islands",3.1176236025056e-07,0.000114108085751904,0.840584435975203
154,0,0,0,0,0.0434069339178734,0.000636090519079982,0,0.204697651456493,0,2.57560159174628e-05,2.57381459088911e-05,0,0.0781520367130753,1.12040253491827,"Niue",1.51251811687568e-07,7.4473144373619e-05,1.44734673698743
155,0.00112733191723761,0.000933157028627192,0.000400505824208398,0,0.0916414445525231,0.00179098144679598,0.0330628393886211,0.204993386950855,0.000346419042318182,7.64082713586553e-05,4.15229968444417e-05,0.109953969601969,0.223836085302502,1.0356595932111,"Tonga",8.73712064719295e-06,0.000696853825590783,1.70386364509565
156,2.49287633973563e-05,5.74904232974895e-05,0,0,0.101859247236291,0,0,0.198587312170339,0,0.0002261160348107,7.7257242159121e-05,0.0395323159371285,0.0527485258682726,0.270015323177931,"Tokelau",2.36689527940025e-07,7.25909927980758e-05,0.663128519196575
157,0,0,0,0,0.0012564381799122,0,0,0.166839325989608,0,0,0,0.0281493662082287,0.0327170072415148,0.00464418677512152,"Phoenix Islands (Kiribati)",4.5506955642095e-09,2.05349737717263e-06,0.233606324443616
158,0,0,0,0,0,0,0,0.1595422334047,0,5.39714419483364e-05,5.77677760566529e-05,0.0766268612204299,0.0340048676956928,0,"Howland Island and Baker Island",0,0,0.270285699949708
159,0.000360028555451979,0.000975731850288003,0.000155047568715433,0.000146083554944321,0,0,0,0.130267235624083,0,0.000255379581145554,0.000470172386208028,0.103785090511507,0.116340308939501,0.00665471520693183,"Johnston Atoll",0,0,0.359409793201139
161,0.00327500876073956,0.00113282450779253,0,0,0.139237278664129,0.00141351500058219,0,0.207287048954282,0,4.88748802328499e-06,3.31601860578143e-06,0.0341809613039666,0.111321014265406,0.718148927220957,"Wallis and Futuna",2.21965168065427e-06,0.000518421924276551,1.21600478158621
162,0.00370819577354696,0.0460439609925364,0.0038680700826906,0.0045337760927871,0.0795623200994505,0.010422154540077,0.212351598757124,0.151117658288517,0.0563575275831575,0.00400088358828687,0.00184417265566115,0.0994430736760365,0.273167333873129,0.233723119823588,"New Zealand",4.61582211639311e-05,0.00333590542094763,1.1801438457506
163,0.00572705937204184,0.0343533675767396,0.0644074479099113,0.0247094956379984,0.0765538001946385,0.0288649543957868,0.17523500280548,0.219420228258087,0.0328790097876293,0.0286349547009214,0.00591006957110262,0.159764388344318,0.190216990737582,0.139563935227522,"United States",0.00115269175588286,0.0289737147710711,1.18624070450698
164,0.00951172545308773,0.00303340201344798,0.019648089080935,0.0131823939401579,0.0778435612955812,0.00709845822396881,0.127195677922998,0.2208572514039,0.0671344107592923,0.00821751045965792,0.000758359788866919,0.158618876232282,0.288809119973466,0.356464505151409,"Belize",0.00144271012762165,0.00512351796132243,1.35837334134843
166,0.0211932646219467,0.0620951213636012,0.0066614880344054,1.40287164617505e-06,0.175753341913578,0.0469528757775018,0.177448953579139,0.196449655867198,0.0223475697655697,1.19106184867521e-05,6.33290035979735e-07,0.302614215308527,0.115584792149685,0.516943767901257,"Jamaica",0.000650449874043884,0.0340966733912377,1.64405899246771
167,0.000906935051626938,0.205800498419646,6.29249790609348e-05,0,0.112344276674004,0.0143766906442862,0.313756004810857,0.0335170566587759,0.049810723954209,1.52474654965296e-06,6.60270041543717e-05,0.0235003501411806,0.473480015209877,0.164719982023299,"Guyana",0.000440472747680513,0.015767837754213,1.39234301042541
168,0.00199235680990146,0.0822550212400974,9.24762710241058e-06,2.73649158690648e-06,0.0313122130867283,0.00482089786374636,0.176342697114316,0.0318809743914508,0.0681277453504646,0.00012618317940753,0.000468477194534198,0.0256860650633856,0.444381365634627,0.222817113268559,"Suriname",0.000139921297503741,0.00547734993560968,1.09022309427656
169,0.00472413221912,0.0189217445282993,0.00167923049971252,0.00032661099328889,0.0477198684891259,0.0146213418349815,0.0698985211469342,0.0483740856494842,0.0112770412749047,0.000836194140562584,0.00131682238127025,0.0580639190735404,0.475146526284764,0.286147101235994,"French Guiana",0.000119147329862801,0.00641814359316315,1.03905314095963
171,0.00875462029928962,0.048472977943204,0.00861112038382743,0.00021498024831332,0.145237079306263,0.0476670945947051,0.551784675018238,0.0605349499609487,0.211717263951531,0.00276421293880417,0.0033875171648914,0.121879787876524,0.354188822059308,0.0963332066841246,"Brazil",0.00210963300206701,0.0782804531662765,1.66154830866479
172,0.00373547531172984,0.123445485218884,0.0016790712086902,0.00300797024072563,0.0625404644121973,0.017997275745113,0.14654101709589,0.0965386529071251,0.0624882637534613,0.00404959772128095,0.00169800367806025,0.023405174067485,0.284898410490446,0.160118765644981,"Argentina",0.00113918707180272,0.0307897000375019,0.992143627511752
173,0.00242604964119557,0.0499002909443888,0.00222009018761643,0.0015690604978857,0.186160441786812,0.035953822135843,0.573690647435231,0.0467605432603469,0.444653198108065,0.00023188693747573,0.00033162664614681,0.11524344353321,0.298949579485604,0.0504959147280928,"Uruguay",0.00331006194636655,0.12075233614501,1.80858659601916
174,2.00726953378983e-05,0.00143489183544034,0.000352313461476372,1.46860891166231e-07,0.151812642066915,0.0357503826440932,0.293688979720343,0.0913554981587053,0.0208964896365778,0.00217275759061181,0.00413137967527205,0.167070282563268,0.250703969679334,0.258338786658834,"Finland",0.00237504022621859,0.00650487269326442,1.27772859373044
175,0.000104601776154418,0.0466949804565354,0.0133241538008644,0.0886612194400818,0.220448134986041,0.0300129831176473,0.483727231981024,0.103483531698376,0.0907487226694575,0.00888324121850934,0.00177572534945702,0.307586839634752,0.247004328499977,0.101204099994017,"Denmark",0.00346215802862256,0.017588446779465,1.74365979494395
176,0.000355752617862335,0.0787631525417306,0.0414914179315155,0.0278776528579581,0.243906578229361,0.040393797220575,0.7326151849748,0.0863535457145158,0.300698926426927,0.0201876235847744,0.00336047555344117,0.290412028832927,0.247048057313732,0.106007488656858,"Germany",0.0119273710608925,0.0604432703115571,2.21947168291319
177,0.000296505759413937,0.0608531832727921,0.0351142662605719,0.00901518138345993,0.301324086900383,0.0894127867818581,0.703798862337897,0.0798057093590985,0.388747278278006,0.00181781747162069,0.00129321789373088,0.382861668067641,0.236224258120238,0.077452376213538,"Netherlands",0.0097976584508044,0.0848227138255383,2.3680171968747
178,0.000214360070966744,0.00713530775455252,0.0018449633444202,0.000105519223830671,0.226938582995922,0.0640979709214738,0.828415484481908,0.136923655904751,0.414653648340731,0.0791614864249846,0.00101060421311578,0.30010773340473,0.212762223658379,0.175003955198123,"Poland",0.00399896878586789,0.029101919386304,2.4483754984064
179,0.0152653718996934,0.0259146388744513,0.0333883478809316,0.0124916562407399,0.207288169846605,0.0829451934417697,0.450932865542125,0.257181903770918,0.292718507517833,0.01255975491403,0.0030286432951702,0.407740356218809,0.184234954330765,0.300549528896012,"France",0.00366596708347534,0.0443605785553745,2.28623989299569
180,0.00324087955465637,0.0861329114975986,0.0836748044607186,0.0258061831004406,0.165744910402153,0.04502729267734,0.28273568399264,0.170982020382785,0.0650542650987606,0.0282941471338175,0.00425425814615884,0.286574282613507,0.207167248648194,0.327233059195569,"United Kingdom",0.00251438997750016,0.031032294547676,1.78192194735642
181,0.00218789940565263,0.052210343437492,0.0467584504048015,0.0263216589421329,0.17255093682519,0.0267021571663495,0.371667718811835,0.172482464130324,0.0567038027809309,0.0110393647940344,0.00137649231707975,0.197658257530527,0.223411746581379,0.324924543658449,"Ireland",0.000457579527863887,0.012478069041758,1.68599583701447
182,0.00234981530561297,0.0355395213464121,0.020267578412823,0.0240656445601859,0.234678153484598,0.117152987858405,0.432129045932991,0.214086081566713,0.195889600827487,0.0165187860069131,0.00564723576963673,0.398423695862586,0.205749346889007,0.308536348892701,"Spain",0.00264027335742868,0.0544968597351428,2.21103384266282
183,0.0309532986560229,0.0546965436548128,0.0191746309247011,0.014856577622791,0.228955243892957,0.123544876886923,0.33098512834856,0.161851427738442,0.298042604807718,0.0205555395520771,0.00890792577378387,0.349586012519321,0.22906894734366,0.226268626799965,"Portugal",0.00134019129326538,0.0643823788503051,2.09744738507501
184,0.00227006980598193,0.0296195814346293,0.0144839465429788,0.0064221418464228,0.205534342107646,0.0965800850240709,0.40671323997552,0.294654826337011,0.235415668359927,0.00801808384730353,0.00366471324943571,0.416835465313514,0.254194676550548,0.443098705932404,"Italy",0.00550083823693396,0.0611976225304227,2.41750554615326
185,0.000808796115134927,0.00684541870247234,0.00641346475194124,0.0133374360898002,0.196688679131595,0.119858367072249,0.158532968976281,0.49123813347383,0.0420837701213631,0.00869380643548952,0.00229011888785118,0.79342200810259,0.0273707983168689,0.515039330179041,"Monaco",0.00100288176823547,0.00942387590608136,2.3826230656017
186,0.00294192918219334,0.0164597283016498,0.0188240482825761,0.00742803566514166,0.274916602461661,0.0925294712003054,0.224769523714903,0.119671889637604,0.0678944674037432,0.0120905631071622,0.00610381138778999,0.203147414345442,0.399751497813024,0.292226047618241,"Montenegro",0.00815463575009391,0.0576805679184083,1.73875502906048
187,0.00369892108426965,0.014972931529659,0.037939064771049,0.00784264205399474,0.177323997888728,0.0327500840951977,0.24111784144089,0.160334341820968,0.0282136552216834,0.0215811050480587,0.0100207288213551,0.344121376213889,0.365707459414251,0.410933463165988,"Croatia",0.00174351442866776,0.00642557900205646,1.85655761280411
188,0.00556509697745586,0.0174257431885806,0.026409245025495,0.0104969025878557,0.370369420380428,0.229433651204253,0.483444913091331,0.155355233159559,0.0990575587184265,0.017536387036972,0.0117100450852565,0.510313059543741,0.388888311591642,0.341720167907148,"Slovenia",0.0436817854231353,0.0535199198807622,2.66772573405299
189,0.000180638900787357,0.00122184265910141,6.33167608107028e-05,0.000210982353563803,0.195112228048838,0.0318641488359052,0.804378248987471,0.0679491177107257,0.454569734407506,0.0349124183089469,0.00280582509335626,0.119812039652551,0.209669646075471,0.186998985188726,"Lithuania",0.0364452553160126,0.248243693902229,2.10974917571001
190,0.0502599668520985,0.103613785451612,0.0138888040585484,0.112245672605455,0.152217829854184,0.162049059265885,0.432792983466081,0.0431558665826399,0.103492094010253,0.0388920204679716,0.00607874894212508,0.178758902713268,0.379031233082782,0.166600983784876,"Qatar",0.00494188225611213,0.0401747554357711,1.94307795178062
191,0.00487479747792809,0.0276697310151315,0.0034758210225502,0.00789685257364102,0.0795389374406962,0.0507369219465239,0.0742000262774622,0.0366037733719953,0.0231522561243968,0.0194324983979657,0.00340425574736684,0.211463815477491,0.340374619934346,0.21874977526731,"Iran",0.00460873448279131,0.0300331640940516,1.10157408195998
192,0.0201886225916243,0.0629829010169091,0.0166779470140571,0.0104970421188085,0.148175507378416,0.0245707162282094,0.865769680006569,0.037879565515283,0.651412338528427,0.0314800724136025,0.0058728596639808,0.307715739826767,0.297599278263697,0.104418407079485,"Iraq",0.61883482798143,0.33826412317077,2.58524067365393
193,0.0158754090002448,0.00350977901887195,0.000149367295757823,0.000212181110755342,0.117197780356242,0.000344498130440382,0.107546234272351,0.124172722634754,0.010496841233593,0.000107048968512294,0.000124112554214123,0.15443109633209,0.427821525201345,0.442569850436223,"Guinea Bissau",0.00278963070584635,0.040027413748423,1.4045584477377
194,0.180286699305504,0.0590321572522696,0.000930768809891523,0.00082064176897505,0.221145909052986,0.0129207332727302,0.0917547352497962,0.130514952916666,0.0134099295027893,0.0113596504174882,0.00460217678648401,0.121242843165545,0.472856979649469,0.286048927679182,"Guinea",0.00538611634523196,0.147282069748283,1.6069271052007
195,0.027304145653243,0.0629625380712302,0.0958644521134577,0.0635567237173567,0.100566322837087,0.0132104020185514,0.549216188767889,0.0342463480782688,0.181600092291617,0.0073488289387048,0.00901245416498481,0.0446678409799576,0.390924476417635,0.0913788268143843,"Ivory Coast",0.0123834411102736,0.423937103326333,1.67185963987768
196,0.635823527792694,0.177281539896716,0.0152915302927109,0.0180356677856772,0.141093035856764,0.0850107501281201,0.41387628856864,0.178140750062015,0.1581326718837,0.0943502451624685,0.0283648142391414,0.277699770688905,0.34141565096385,0.191244388378496,"Nigeria",0.0268800626532532,0.50773275480962,2.75576063280592
197,0.146223211834861,0.0947676188310282,0.00241361852824016,0.00442977428507645,0.103553519203328,0.0180400416703458,0.184106798003522,0.0539239249292253,0.0224816731874758,0.0100887798536855,0.00470847458805486,0.0737999959419124,0.348681981428267,0.0670948942432548,"Cameroon",0.0906114817061114,0.327862960372323,1.13431430633553
198,0.0719653842981849,0.0135175022025501,0.00222056079595671,0.00651271100637356,0.0461195250338514,0.0320085775295434,0.0294950220703952,0.140927695118505,0.00532191109288609,0.0107445677180453,0.00170376796409587,0.16991856263535,0.238537533847817,0.054068697160918,"Gabon",0.000848471750387714,0.0240185962719123,0.823062018639613
199,0.00627274920597025,0.0351880898577688,0.0166068338478605,0.00200729833888835,0.074508038379144,0.0970292491217454,1.07042742300293,0.00265671874909405,0.568685292140783,0.00488140586648892,0.0289504528285234,0.105353694700676,0.349172144307606,0.0324145296507556,"Democratic Republic of the Congo",0.072697842936896,1.35523547387102,2.3941539220188
200,0.0238366966613053,0.0983723192233614,0.0168347752715607,0.0401296674647727,0.121797783393565,0.0397087277329425,0.113485613017992,0.0647589145746613,0.0219389900260462,0.0140827928919258,0.0132206221641639,0.122973834051192,0.260139780552539,0.101429939516413,"Angola",0.00494575256542381,0.17827805887781,1.05271045635592
202,0.0771355233486745,0.0619607416513621,3.39203180857495e-05,1.59714623210656e-05,0.177763189151167,0.00798443832186526,0.114216870711763,0.0960803631499266,0.0141346812969293,0.00651166159649881,0.00678628087071834,0.0161779398670594,0.346202751159801,0.244266961411488,"Tanzania",0.00937690789746559,0.142805063638597,1.16927129432021
203,0.0450075955278864,0.166086557505004,0.233324489563338,0.00852328962241173,0.267316375891253,0.0402846915222552,0.94824583879724,0.0728095655135985,0.307191774796672,0.0477086579000015,0.0110538073812898,0.122261213053698,0.385354639329057,0.187447041641044,"India",0.0208648087207829,0.542350485953225,2.84261553826458
204,0.180759058423832,0.0789110902796246,0.31957717556748,0.0296879089778656,0.350583366697397,0.00749053585327209,0.758777646673941,0.121960963827393,0.215977469224465,0.00336546492604979,0.00175244973425172,0.00355915200912415,0.355944506280472,0.0438292631358238,"Bangladesh",0.0354888693391829,0.369153079794324,2.47217605238233
205,0.153264405469617,0.123644093150446,0.241944591553897,0.207375161363265,0.123626501227075,0.00523197994906841,0.103417304583167,0.128523056018562,0.036494037795488,0.00909977505301115,0.00575551284539752,0.00487897934077263,0.533925041073703,0.209815418348538,"Myanmar",0.00522936604158081,0.0534503001214895,1.886995857481
206,0.0517296668825272,0.208119007763934,0.153969857685905,0.00890494330067685,0.173418653134874,0.0443629339347474,0.559261287825132,0.134231352401838,0.249328308522128,0.0561414787953081,0.0201055149569519,0.184960513797915,0.54035192378745,0.251583330241067,"Malaysia",0.00426156182444119,0.0424622442241242,2.6364687729829
207,0.0268696610729465,0.412310027860921,0.0809927741593852,0.00456630049794117,0.196322302202049,0.034433898244122,0.603863149425588,0.079665492677854,0.166927378278295,0.0108469770182843,0.00630477755587916,0.103598933631123,0.489432854041612,0.149453798297143,"Vietnam",0.00566186606297936,0.095467796052919,2.36558832502174
208,0.0938095867357385,0.166430196997976,0.0650104361655381,0.094953079223748,0.589395302765782,0.557400931462698,0.685161682701416,0.162150606414297,0.344625886118734,0.0309843343679296,0.013362435534738,0.683464389886747,0.33342450460939,0.316060952986212,"Singapore",0.379946730254839,0.41322094232976,4.13623432009464
209,0.0683806055127559,0.373254476503301,0.427789713243557,0.0696448125179638,0.249195969613405,0.0914900724382366,0.716006622932283,0.0595319302853018,0.319664393428817,0.0199978842334623,0.0144492902711928,0.27738712686367,0.360483213054981,0.0908373683943316,"China",0.0282458247851429,0.199822230237032,3.13811347904488
210,0.0456939788992376,0.111927084486415,0.0433588220081633,0.0184053696274976,0.194711784677297,0.064208156961127,0.201934428085629,0.137410654297671,0.107766385782578,0.0553306612059724,0.00588949357240438,0.23348574966904,0.233846786040062,0.35017335407281,"Japan",0.00103217162908208,0.0321219733216449,1.8041427090813
212,0.00510564214720703,0.00093037791212701,0.00163863894189748,6.1775325096793e-07,0.10079960740056,0.00111893047392197,0,0.180793791883563,0,0.0143581652260967,0.00602503629351104,0.0143757943579138,0.13440900808136,0.0663706511008355,"Gilbert Islands (Kiribati)",1.51215320501518e-05,0.00165073968214236,0.525926261973982
214,0.015868483787887,0.0466610123282225,0.0251709037726145,0.00539502249619236,0.10635992741874,0.0625636311626131,0.21559591396786,0.0717148261596856,0.0654025516471357,0.0222248624572976,0.00296612621340304,0.241332281046007,0.346474606851831,0.813978083305957,"Egypt",0.0119193380093809,0.088328477398567,2.04170823207275
215,0.0208231958599051,0.215476210200295,0.0479663048976475,0.00244739302193996,0.23340334535874,0.392871600249302,0.392898446659452,0.101898364722729,0.10027343906539,0.16114010020476,0.0277344073101725,0.241286735559247,0.20603021288041,1.10740559371476,"Jordan",0.0324306259816974,0.0333074285389529,3.25165534879743
216,0.0439691649508619,0.0380216859409069,0.0209773037400508,0.00495283338619399,0.133743337780644,0.00544941739505228,0.208963052163929,0.130532953218231,0.0416439141492254,0.0191361414133989,0.00964355272904498,0.0736241414552803,0.483036577112028,0.356155370999687,"Indonesia",0.00302304426604475,0.03337733302403,1.56984944639235
218,1.9455788862106e-05,0.0114128348901953,0.0114881108601477,0.0140672597754106,0.0166832211029266,0.00388642682853121,0.0199248845735352,0.375130035249674,0.00332709532609686,0.00218963480048852,0.000569958150959389,0.0371718337900665,0.252668054407381,0.234562174721336,"Canada",8.44667271229616e-05,0.000762423969616393,0.983100980305709
219,3.14111150274961e-05,0.00774445906939982,0.0994315459233041,0.0201944199450387,0.0577069679068195,0.00833670578595966,3.43127754071376e-05,0.126787370751904,0,0.000803804356573065,0.00100976098889592,0.130286801433322,0.3958236179117,0.702547920442591,"Saint Pierre and Miquelon",1.28311050720985e-08,5.0683872747244e-08,1.550739099281
220,0.000933159716506078,0.00290206116692656,0.0017904097406084,0.00103317042812705,0.0863263936603771,0.102240980613758,0,0.245875409946722,0,0.00101707775889629,0.000310464457695215,0.874641998375163,0.199965328416404,0.85167321764371,"Sint Maarten",0.00260715839882853,0.00713410267181804,2.36870967184796
221,0.00993528100659887,0.00407561570315579,0.00468225654954046,0.00381861111411495,0.165837825769781,0.063683306925397,0,0.202451010691801,0,0.00210389917878768,0.000634057744106304,0.68566263535187,0.233747362524648,0.695763872310247,"Northern Saint-Martin",0.000121096405314418,0.000901788734546214,2.07239573489765
222,7.41622098040624e-05,0.0162634574764239,0.00354080904782722,0.0288119522434283,0.179937707490643,0.0438320244197098,0.203351606118502,0.109186034426182,0.0185247691192875,0.0105689953300006,0.00300967544365974,0.271701162886034,0.258298970663983,0.179210274246439,"Sweden",0.00313957878662616,0.0146981215393851,1.32631160132654
223,0.00186403231775911,0.162781047341135,0.0624454180867821,0.0375071246998352,0.101118592005143,0.0323661328690071,0.0495566677252435,0.223363665078251,0.00301758263349564,0.0918581162529152,0.0116777280241858,0.238721450054105,0.202202345616826,0.298454931613848,"Norway",0.000151310448624405,0.0025726714685726,1.51693483430662
224,0.0195135532914545,0.03296601233133,0.00673107812678306,0.0169432404033805,0.0564436745179564,0.00380006953183295,0.0718546147374945,0.232733170981379,0.0343414595807554,0.0187811905858667,0.0370723231161066,0.0638218777881873,0.176162607463898,0.0866379411415029,"Chile",0.000159793702730018,0.00421019347203987,0.857802813573629
227,0.0385999730369913,0.0179299649658395,0.0302915753968183,0.0143933371399546,0.0719697081043335,0.0157780643792343,0.0127238593478276,0.153246481788573,0.00135536786150689,0.00971158857988528,0.0024234897669983,0.260595445153108,0.121285744256781,0.175344062857553,"Jersey",6.56329545745301e-05,1.6879541383202e-05,0.925648663728359
228,0.0293842833978844,0.0514358399013422,0.0402173280427904,0.00969824880774411,0.110328255271174,0.0211209643939414,0.000236586208388731,0.212333393534741,2.63898822370336e-05,0.0132295623131231,0.00457062402412478,0.501455762168181,0.185061247969411,0.0456403363678489,"Guernsey",4.02155044851669e-08,2.39033925638175e-08,1.22473881985109
231,0.0221537571795455,0.00960782913118863,0.000643990401414015,0.000137184109942699,0.144360855913889,0.00741705281990009,0.0841031337098055,0.0969267471424061,0.00696702153363623,0.0107528748651512,0.0026842403005442,0.09469720266135,0.301104187298887,0.535547747266424,"East Timor",0.00261738145686547,0.0180011749226258,1.31710382406118
232,0.0100872176276012,0.0132450356825509,0.0181452072310177,0.00640649471262639,0.713044486262582,0.222889791158113,0.945607954805547,0.201704518022862,0.429651425643401,0.0066107082688673,0.00242494719251144,0.144121704623103,0.496868358416991,0.548339150168679,"Bosnia and Herzegovina",0.0432037538425489,0.0432037538425489,3.75914699381048
237,0.0336401414171588,0.069738042881576,0.00632237214325337,0.00158693421725752,0.135712252975237,0.00500860751504306,0.104699511137768,0.154529504256505,0.00809381329014375,0.0619020693219926,0.0152451261031873,0.194267205416975,0.161003474236988,0.780014869234547,"Oecussi Ambeno",0.00355918828265782,0.016004358125118,1.7317639262211
244,0.00683960174529392,0.00251707368092479,0.000500207163170152,0.00030735603271574,0.0720916441277655,0.019082355944568,0,0.15653678720538,0,0.00050050191402864,0.00182807728397777,0.537069221076212,0.0634344531532362,1.05147790631302,"Curacao",0.000141518665402909,0.00283777065029826,1.91218517931849
245,0.000303091243540963,0.000242644929200712,0.000873883789967623,0.000274188452006189,0.0757030355078833,0.0057273748463818,0,0.155532686367519,0,3.16940339789448e-05,3.10693004589444e-06,0.452598764842614,0.111010412199605,1.12583926396262,"Bonaire",2.11115103611804e-09,0,1.9281401474673
247,0.10664381209561,0.0824751580985584,0.036327269826934,0.0031390586451104,0.273208856213573,0.182645790064582,0.128209641637709,0.281177795183594,0.0358384789418463,0.0345660926888517,0.014227890340569,0.334647455374769,0.406777423647904,0.301585700931902,"Brunei",0.000969312257307948,0.0179987621341781,2.22147042223544
248,0.000240516883323423,0.0026583432843121,0.00133937546770223,0.0014550928049605,0.0333598725757196,0.00722036272546842,0,0.268472731947454,0,0.00076628231760711,0.000163899243833029,0.445667580289034,0.0404673059336582,0.945515098856456,"Saba",2.54118072648165e-10,0,1.74732647102271
249,0,0.00146342545709456,0.00490224152577646,0.0148530936562073,0.0790909103307373,0.0255310747216081,0.000560624053407507,0.261732339084922,7.23857369041574e-05,0.000171942507875988,0.000175661659423812,0.749026402379527,0.0491128912219754,0.938415726541957,"Sint Eustatius",0,0,2.12510872248447
250,0.0129499895281573,0.00393751622204504,0.00341245519179281,0.000707421705038603,0.156196034764781,0.0613922043007265,0,0.174126142842098,0,0.0017262058198125,0.0042215361993054,0.565981442141301,0.14709910436452,1.06528538147223,"Aruba",0.000188980082888492,0.00643613667861538,2.19703543764874
