"X.1","X1","X2"
5,316,3836
5,318,3835
7,220,3718
7,216,3727
7,219,3729
6,228,3743
5,227,3756
5,246,3767
NA,201,3679
NA,207,3675
NA,215,3669
NA,222,3672
NA,230,3677
NA,201,3694
NA,197,3709
NA,203,3706
NA,210,3700
NA,204,3697
NA,199,3690
NA,188,3850
NA,179,3861
NA,182,3864
NA,179,3858
1,182,3861
1,211,3714
2,210,3715
3,211,3711
1,214,3714
1,215,3726
1,214,3741
2,191,3820
2,185,3815
1,181,3817
2,180,3806
2,173,3806
1,166,3930
2,166,3927
2,162,3928
3,160,3915
4,164,3925
5,172,3937
7,185,3863
12,202,3885
12,194,3893
11,196,3908
11,195,3921
4,151,3785
5,154,3806
7,152,3812
9,157,3808
11,155,3820
15,149,3836
12,133,3742
14,135,3756
8,133,3756
7,129,3769
4,125,3785
1,118,3965
2,115,3964
2,112,3979
4,115,3995
NA,119,4055
NA,115,4075
8,100,3993
8,98,4006
7,127,4023
7,126,4026
7,127,4028
6,170,4124
3,169,4139
3,175,4167
1,176,4180
NA,178,4187
NA,174,4182
4,132,4167
4,131,4169
4,128,4171
4,141,4241
4,135,4242
5,155,4210
5,155,4216
5,152,4226
5,155,4228
5,156,4230
5,155,4233
2,157,4438
1,166,4436
NA,165,4446
8,150,4417
8,152,4413
8,131,4404
8,135,4399
6,136,4401
5,133,4404
4,132,4415
4,129,4435
3,128,4379
4,129,4395
NA,128,4409
1,125,4412
4,142,4489
1,118,4349
1,128,4353
1,128,4362
1,130,4368
1,132,4377
2,129,4391
2,81,4402
2,84,4410
2,89,4413
1,90,4426
NA,90,4443
8,86,4428
2,73,4459
3,71,4452
5,72,4463
6,76,4469
7,68,4486
NA,112,4497
8,80,4427
8,78,4428
8,75,4425
8,69,4411
16,54,4419
13,33,4457
12,33,4463
12,38,4474
13,38,4479
13,41,4490
14,37,4540
14,37,4558
12,33,4570
12,29,4567
12,24,4576
12,25,4609
20,59,4604
20,55,4610
20,54,4595
21,52,4589
21,54,4580
16,36,4460
17,47,4448
18,50,4456
18,46,4474
18,49,4490
19,59,4509
16,66,4578
21,50,4581
20,59,4608
18,66,4626
19,66,4627
22,86,4607
22,84,4607
22,81,4611
22,78,4619
23,70,4629
23,72,4628
14,73,4427
12,89,4457
13,90,4456
16,91,4462
16,92,4458
13,86,4543
13,86,4548
12,84,4552
11,81,4571
10,78,4572
10,74,4576
5,71,4756
5,68,4748
6,77,4731
5,80,4732
5,83,4727
20,114,4675
19,111,4680
19,110,4688
18,115,4688
17,113,4689
11,136,4714
5,87,4651
6,87,4670
6,88,4681
6,94,4704
9,98,4708
7,120,4763
5,121,4760
7,123,4772
7,128,4781
8,127,4778
8,128,4789
11,104,4775
10,104,4774
11,105,4787
10,109,4788
10,109,4789
10,154,4817
11,154,4822
11,157,4827
13,155,4830
14,152,4838
14,150,4844
13,155,4953
13,158,4957
14,167,4956
16,159,4949
19,172,4931
24,135,4820
27,146,4819
35,152,4815
36,152,4812
36,154,4825
36,161,4830
47,131,4602
47,131,4605
48,133,4602
49,132,4604
50,138,4607
52,124,4713
53,125,4722
55,122,4733
56,122,4737
59,122,4739
62,120,4751
60,130,4713
63,121,4732
65,119,4744
67,115,4743
67,114,4756
69,143,4823
70,151,4830
70,160,4839
70,163,4848
71,155,4852
71,155,4858
63,161,4864
62,166,4872
81,162,4825
80,158,4826
79,164,4830
48,129,4826
44,119,4823
44,117,4826
44,124,4821
45,105,4830
45,82,4836
88,76,4789
87,76,4797
87,73,4800
87,75,4795
86,85,4805
85,114,4774
86,109,4772
173,129,4809
173,139,4809
173,139,4798
171,141,4794
225,117,4762
226,116,4762
225,126,4769
225,137,4774
228,133,4780
249,128,4913
252,120,4921
253,104,4929
252,107,4955
253,105,4957
254,99,4958
256,58,4888
256,52,4891
257,56,4904
256,65,4911
256,64,4919
280,91,4867
281,91,4884
284,94,4896
282,110,4918
285,118,4926
284,122,4930
346,150,4984
346,155,4989
347,172,4993
347,180,5000
348,182,5010
374,196,5014
374,186,5020
373,184,5033
373,176,5039
376,156,5031
377,157,5034
373,158,5086
372,163,5087
374,169,5091
375,163,5096
373,152,5101
398,206,5114
257,250,5120
258,264,5129
259,260,5141
257,252,5154
256,239,5170
260,254,5193
261,254,5192
258,243,5193
257,249,5185
258,257,5184
301,230,5141
301,228,5155
301,229,5166
301,216,5182
302,223,5179
179,245,5196
199,258,5188
200,266,5186
200,268,5188
200,265,5184
200,274,5194
238,305,5142
237,310,5152
240,316,5159
240,320,5157
241,327,5160
243,330,5148
391,286,5124
392,279,5129
396,275,5130
401,278,5133
404,284,5142
332,289,5068
332,293,5074
332,288,5084
333,282,5094
334,272,5096
335,261,5099
323,276,5122
248,263,5127
248,272,5135
248,281,5141
247,293,5150
222,297,5231
223,309,5239
223,321,5247
223,334,5251
227,342,5258
226,352,5266
250,285,5334
249,294,5347
298,309,5341
298,318,5338
298,323,5342
268,374,5351
268,385,5352
268,393,5357
267,406,5363
268,410,5371
132,435,5387
105,407,5368
106,413,5380
106,418,5384
95,432,5395
96,428,5399
93,426,5404
109,460,5444
107,442,5448
106,450,5439
107,458,5428
105,466,5432
98,479,5415
98,489,5427
98,494,5433
66,465,5499
65,467,5502
65,466,5505
86,447,5423
85,429,5429
85,418,5436
85,406,5437
84,409,5440
59,352,5427
59,346,5431
59,349,5431
59,348,5430
77,332,5429
77,337,5426
64,381,5353
64,384,5354
64,387,5354
64,391,5358
64,395,5357
70,399,5376
71,397,5378
72,405,5378
72,409,5377
71,414,5377
59,433,5399
50,401,5366
51,395,5369
51,393,5366
51,386,5359
51,379,5362
40,418,5396
40,412,5394
40,416,5391
40,413,5391
40,414,5393
40,414,5392
44,429,5368
45,424,5366
46,426,5364
44,428,5363
45,427,5364
55,432,5372
55,429,5372
102,392,5370
103,388,5366
104,381,5358
106,386,5355
123,347,5453
82,364,5456
82,365,5447
81,360,5433
81,358,5428
88,350,5382
88,346,5371
91,342,5366
92,340,5348
92,340,5347
94,338,5339
90,313,5328
36,334,5326
35,335,5320
35,335,5303
35,332,5291
50,299,5250
53,303,5236
55,299,5226
53,303,5222
55,310,5224
53,313,5223
86,289,5226
85,295,5232
142,300,5220
143,304,5221
147,299,5215
142,305,5310
142,302,5308
143,321,5308
145,328,5302
143,334,5302
140,340,5309
86,367,5248
85,364,5251
83,359,5251
86,364,5256
86,364,5256
105,349,5217
104,347,5218
105,340,5210
100,339,5197
96,334,5185
98,336,5164
129,323,5179
128,323,5166
132,303,5165
131,308,5165
187,329,5151
224,310,5098
224,307,5097
226,305,5093
229,315,5091
231,326,5087
234,325,5088
53,370,4976
52,373,4974
51,374,4981
50,374,4980
49,373,4980
63,459,5014
63,458,5012
60,457,5014
59,448,5013
58,444,5016
59,438,5024
75,350,4935
75,351,4924
74,354,4923
75,357,4922
77,360,4927
112,454,4979
136,402,5003
136,401,4989
138,413,4990
141,413,4982
140,413,4969
130,381,5022
117,383,5014
108,384,5016
109,382,5006
110,381,5003
118,423,4990
115,432,4973
117,428,4963
113,427,4958
112,414,4961
109,410,4967
84,383,4874
85,378,4881
89,364,4865
91,352,4860
93,347,4853
97,397,4725
93,391,4735
91,459,4729
94,454,4718
99,447,4701
101,447,4704
77,445,4700
78,452,4693
79,466,4679
79,464,4665
82,482,4657
71,458,4555
72,453,4548
73,452,4552
89,388,4540
90,382,4551
92,385,4536
73,396,4336
75,397,4318
76,398,4296
78,377,4317
79,376,4303
86,358,4248
89,359,4232
94,364,4217
98,371,4207
88,393,4196
90,388,4174
102,427,4137
103,428,4129
104,429,4133
105,434,4121
107,438,4124
117,445,4037
118,438,4017
117,440,4017
116,440,4009
117,438,4001
112,498,4015
128,448,3900
126,459,3924
125,465,3901
123,456,3891
122,451,3874
131,457,3695
132,457,3678
132,468,3692
132,477,3687
131,487,3683
131,470,3686
137,468,3666
141,455,3674
142,448,3681
146,458,3686
148,453,3684
145,371,3808
147,381,3810
147,379,3822
148,372,3839
150,368,3849
150,362,3859
126,364,3786
129,343,3797
129,339,3805
129,349,3807
129,354,3821
164,339,3810
165,340,3806
166,337,3805
165,327,3804
164,326,3797
165,323,3794
189,347,3833
189,343,3835
194,313,3861
194,313,3861
194,318,3866
188,318,3738
188,317,3731
184,313,3729
185,316,3730
186,317,3726
186,331,3723
169,343,3566
168,347,3562
167,349,3566
158,362,3585
160,379,3577
141,428,3501
143,418,3500
146,404,3497
148,402,3493
150,405,3501
152,397,3500
172,369,3538
173,350,3535
174,344,3532
173,362,3525
202,312,3469
200,323,3476
254,291,3439
253,295,3441
250,307,3440
247,306,3440
247,290,3443
224,311,3536
227,308,3529
227,305,3531
228,309,3538
226,308,3526
189,368,3552
221,409,3440
227,406,3439
230,399,3428
231,399,3425
231,403,3426
199,359,3366
198,360,3370
200,356,3372
206,364,3372
210,364,3372
241,310,3355
278,324,3286
276,334,3296
271,345,3297
269,350,3297
265,347,3294
246,315,3390
249,307,3391
247,312,3394
246,316,3390
241,322,3389
238,320,3391
244,328,3266
249,332,3264
250,327,3270
254,334,3282
278,348,3287
261,346,3274
262,353,3271
259,357,3266
259,363,3271
262,369,3281
250,379,3280
237,335,3317
247,342,3321
257,342,3321
254,336,3336
251,332,3329
251,359,3349
254,360,3348
256,367,3355
258,376,3347
259,380,3338
262,367,3343
247,423,3261
247,426,3262
245,428,3296
271,408,3295
275,413,3285
229,361,3157
235,362,3158
234,367,3165
233,361,3171
238,355,3178
244,354,3177
211,385,3042
214,388,3050
211,395,3050
190,402,3015
191,394,3014
150,389,2939
152,388,2953
152,381,2955
154,382,2950
156,389,2955
159,399,2950
133,422,3043
133,432,3036
133,433,3036
134,434,3029
122,467,3039
153,409,2934
156,414,2935
157,414,2933
161,416,2932
163,402,2928
165,397,2928
168,362,2854
170,363,2856
173,359,2858
173,365,2864
174,369,2865
107,411,2794
110,411,2792
111,409,2797
107,409,2794
111,405,2788
113,401,2786
98,377,2930
99,368,2930
100,362,2932
101,362,2931
102,362,2932
94,367,2947
100,379,2961
97,385,2970
97,397,2953
98,407,2960
102,411,2950
111,436,2907
112,442,2902
116,444,2900
118,446,2900
117,448,2896
128,464,3135
133,456,3133
134,437,3229
134,426,3223
134,424,3222
132,418,3225
93,335,3132
90,338,3133
89,345,3137
90,338,3137
89,349,3139
88,304,3103
88,311,3098
88,306,3099
85,295,3057
78,306,3050
77,308,3030
84,321,2959
83,313,2954
84,316,2952
85,319,2941
85,319,2951
110,308,3056
107,300,3056
101,310,3063
95,322,3058
86,310,3069
85,314,3063
112,345,3006
112,348,3000
113,356,2997
117,353,2995
117,352,2993
102,365,3018
98,361,3017
97,366,3016
96,367,3003
98,358,3005
119,380,2956
80,385,2883
85,383,2882
80,391,2887
82,397,2880
83,406,2873
97,411,2672
96,400,2671
96,392,2685
97,388,2687
101,388,2693
104,386,2708
83,373,2847
87,357,2850
90,362,2859
92,359,2872
96,360,2876
89,286,2936
90,296,2939
90,295,2947
93,302,2945
93,316,2947
93,309,2940
97,339,2779
92,352,2821
91,349,2818
90,351,2827
90,346,2827
108,359,2854
106,356,2859
105,364,2864
103,353,2864
100,362,2864
95,367,2864
73,341,3042
73,342,3039
107,390,3027
107,404,3026
104,411,3023
117,418,2799
114,444,2803
117,445,2808
115,436,2807
116,435,2806
117,439,2814
109,338,2766
112,348,2765
116,357,2761
61,402,2785
64,401,2787
58,363,2779
59,355,2785
59,354,2785
55,348,2787
51,334,2790
51,327,2794
44,340,2724
43,341,2728
43,335,2729
44,333,2733
45,323,2736
35,297,2679
38,275,2675
38,272,2672
39,266,2657
39,259,2654
39,251,2652
26,285,2693
27,275,2693
26,271,2693
27,278,2692
28,285,2692
64,390,2609
64,401,2606
64,396,2597
64,406,2591
64,411,2589
64,414,2589
43,366,2624
42,373,2627
41,373,2627
41,372,2621
41,370,2619
25,388,2623
26,369,2654
28,365,2660
29,366,2659
26,377,2667
27,386,2671
22,510,2527
23,520,2525
24,523,2523
24,523,2522
24,504,2518
23,484,2522
2,389,2592
1,387,2596
5,423,2569
9,436,2574
7,435,2578
29,441,2642
28,434,2641
26,432,2634
25,423,2621
25,418,2614
22,423,2618
24,393,2636
23,385,2631
22,380,2624
13,423,2627
14,416,2634
13,420,2797
13,415,2797
14,414,2801
14,423,2807
16,412,2812
16,424,2815
6,424,2718
6,421,2737
5,413,2726
6,418,2731
24,389,2687
4,408,2663
4,399,2658
4,399,2665
4,409,2659
4,413,2655
4,414,2637
31,398,2620
33,411,2620
33,419,2630
33,424,2626
34,431,2628
41,405,2694
40,409,2704
40,406,2701
40,411,2689
39,416,2677
39,425,2675
40,430,2871
40,428,2864
40,431,2867
45,444,2870
48,446,2870
27,409,2964
2,460,2954
5,459,2947
NA,455,2946
NA,452,2938
3,449,2927
13,490,2899
7,489,2901
8,490,2893
8,484,2879
8,495,2880
3,513,2934
4,508,2932
13,437,2905
13,435,2900
12,420,2905
10,399,2902
16,405,2957
16,418,2956
16,413,2944
15,419,2936
13,419,2921
10,415,2984
8,401,2953
8,395,2939
22,432,2921
22,422,2924
22,441,2919
18,402,2866
18,412,2870
22,407,2868
25,400,2865
22,401,2868
10,372,2934
10,370,2941
11,378,2941
15,382,2936
58,367,2903
56,370,2899
61,381,2779
61,405,2790
60,404,2801
58,409,2800
59,409,2784
46,376,2801
47,408,2804
49,412,2807
45,410,2810
44,409,2826
2,407,2862
1,418,2891
1,411,2913
2,390,2909
1,387,2904
1,392,2915
8,355,2966
8,358,2960
6,358,2970
6,362,2981
7,369,2978
5,366,2991
1,524,3122
2,521,3121
2,534,3116
3,538,3118
4,541,3116
3,502,3213
2,504,3199
3,512,3205
4,510,3181
3,516,3176
5,514,3161
5,577,3094
3,577,2993
4,582,3004
5,579,3003
4,576,2994
5,530,2824
5,521,2825
5,519,2821
4,509,2821
4,501,2829
4,491,2840
3,430,2915
2,423,2911
3,423,2912
3,417,2986
2,415,2987
12,513,3007
13,508,3000
13,487,2998
NA,485,3023
1,484,3017
1,489,3011
10,409,2980
11,423,2968
12,424,2955
11,429,2944
24,418,2864
24,384,2955
25,382,2950
26,379,2928
27,383,2927
27,390,2909
28,388,2893
13,453,2894
14,451,2882
15,455,2879
17,458,2865
20,462,2872
5,495,2893
4,506,2882
3,507,2889
2,508,2891
2,497,2897
2,501,2899
2,509,3090
3,516,3115
2,519,3118
2,515,3132
1,514,3157
2,497,3243
2,520,3323
3,519,3349
3,517,3368
2,517,3395
1,515,3395
4,668,3422
2,673,3449
NA,668,3482
NA,677,3466
NA,669,3460
NA,663,3661
NA,674,3628
5,652,3555
5,662,3557
7,657,3553
6,656,3557
NA,656,3552
NA,653,3557
NA,658,3560
NA,654,3579
NA,662,3596
10,627,3577
10,623,3593
10,621,3605
NA,624,3650
NA,626,3664
NA,618,3656
NA,582,3770
NA,546,3786
NA,529,3803
NA,517,3793
NA,521,3797
NA,554,3748
NA,553,3749
NA,543,3752
NA,547,3764
NA,524,3692
NA,534,3694
NA,552,3692
NA,575,3689
NA,576,3696
NA,570,3706
NA,567,3714
NA,531,3660
NA,530,3665
NA,535,3668
NA,526,3678
NA,518,3678
NA,520,3684
3,541,3708
2,546,3704
2,544,3695
1,548,3708
3,550,3705
1,579,3598
1,580,3595
NA,574,3619
NA,571,3634
NA,563,3647
1,561,3653
NA,569,3696
NA,538,3701
NA,540,3711
1,528,3708
NA,520,3711
1,495,3576
1,505,3567
NA,504,3565
NA,503,3560
NA,503,3557
NA,501,3541
1,407,3557
1,411,3563
1,402,3513
1,402,3517
1,405,3522
1,406,3513
19,419,3431
18,416,3438
19,427,3443
19,426,3432
19,432,3449
NA,408,3390
1,404,3395
1,400,3392
1,423,3382
3,412,3379
3,418,3395
2,393,3231
2,394,3246
2,388,3260
2,389,3270
2,388,3281
2,474,3388
2,478,3394
2,489,3408
2,490,3414
NA,462,3407
NA,470,3416
1,429,3375
NA,427,3366
NA,418,3376
1,417,3391
NA,429,3397
11,443,3399
10,442,3397
10,453,3388
8,459,3403
8,464,3452
7,465,3489
6,438,3521
7,435,3529
6,440,3531
7,443,3537
6,451,3545
3,402,3394
3,413,3399
3,414,3410
3,418,3428
4,424,3434
8,435,3434
6,497,3377
2,538,3401
NA,525,3400
2,521,3411
1,514,3421
1,617,3354
2,602,3351
1,591,3354
1,582,3347
2,581,3343
6,589,3340
NA,607,3334
NA,611,3336
NA,455,3305
NA,459,3300
NA,464,3287
NA,543,3182
NA,550,3193
1,550,3191
NA,560,3192
NA,557,3182
NA,573,3180
NA,518,3119
NA,511,3115
NA,520,3058
NA,518,3062
NA,510,3062
2,569,3059
1,564,3056
2,565,3066
2,568,3066
2,558,3071
3,560,3068
15,587,3040
15,585,3033
17,586,3027
16,585,3019
16,560,2979
15,500,2895
16,502,2895
19,500,2896
21,501,2897
20,491,2893
21,483,2891
24,446,2819
29,457,2823
33,461,2831
34,465,2840
32,476,2828
26,499,2868
24,494,2871
26,512,2872
29,518,2866
31,506,2867
31,513,2868
45,485,2881
46,477,2880
48,480,2875
50,487,2880
52,487,2874
53,408,2721
57,398,2716
56,420,2739
57,417,2733
54,420,2728
52,416,2724
19,438,2525
21,435,2519
21,440,2523
22,436,2530
22,441,2543
25,485,2552
26,481,2565
29,485,2578
19,515,2560
19,519,2568
19,526,2570
31,446,2466
30,454,2481
28,465,2494
27,454,2497
25,447,2491
56,493,2500
57,488,2499
55,490,2490
55,500,2476
65,555,2501
69,561,2490
57,537,2199
61,538,2194
59,537,2201
60,538,2199
66,535,2206
52,562,2141
49,558,2135
48,553,2128
47,562,2129
48,570,2117
48,578,2113
34,517,2009
32,514,2006
35,522,2005
35,521,2011
38,528,2007
59,531,2092
59,536,2091
61,542,2096
59,554,2096
58,568,2101
59,577,2094
85,680,1912
64,670,1927
61,682,1928
59,677,1922
60,688,1915
32,693,1970
32,704,1970
32,696,1961
32,691,1959
32,682,1957
33,681,1957
70,593,1933
72,581,1934
4,602,1955
5,603,1963
6,582,1970
3,639,1940
3,633,1927
3,625,1926
3,637,1926
2,628,1942
2,629,1955
5,605,2122
5,605,2129
5,616,2133
53,595,2098
55,605,2098
29,627,2064
29,624,2064
31,620,2061
31,621,2075
28,606,2065
28,605,2065
44,521,2004
41,522,2001
39,513,2003
40,527,2004
40,521,2007
17,737,2070
17,752,2068
18,767,2068
19,779,2066
20,775,2067
21,782,2073
15,789,2045
16,788,2046
17,801,2049
18,800,2049
19,799,2068
5,834,2018
82,765,1922
82,766,1926
80,774,1928
78,789,1936
75,791,1937
50,804,2087
50,780,2086
50,779,2107
50,756,2106
53,729,2100
82,669,2145
84,655,2143
6,718,2168
9,716,2170
12,716,2176
15,702,2182
12,622,2178
14,617,2176
15,605,2182
15,585,2184
14,565,2176
4,592,2032
7,598,2035
8,588,2035
12,585,2034
25,671,2187
28,670,2185
7,655,2169
8,689,2166
8,696,2163
9,698,2166
12,725,2167
14,781,2113
13,783,2114
14,788,2116
18,764,2115
27,741,2122
34,676,2065
30,677,1971
30,696,1976
31,716,1988
32,702,1998
33,697,1997
35,684,2010
11,729,2048
11,702,2044
10,698,2043
16,681,2030
17,673,2022
NA,716,2200
NA,713,2203
NA,714,2201
NA,699,2198
1,690,2196
2,703,2195
50,579,2299
59,584,2303
69,579,2301
72,573,2300
69,576,2301
56,586,2320
38,549,2252
41,549,2256
38,550,2255
40,551,2251
39,549,2258
52,535,2275
49,535,2270
39,523,2269
42,527,2270
43,531,2267
40,524,2242
40,521,2244
43,537,2241
27,544,2282
23,547,2283
28,550,2278
20,558,2340
22,563,2338
19,581,2336
14,581,2334
12,589,2332
17,686,2402
16,687,2400
38,696,2398
41,707,2393
12,774,2407
15,785,2403
7,829,2394
3,835,2386
3,830,2376
10,829,2369
3,828,2366
1,918,2378
1,906,2367
2,909,2364
1,894,2357
NA,890,2355
9,746,2326
6,720,2415
7,724,2413
8,721,2413
9,721,2411
10,715,2406
12,800,2514
11,791,2513
10,800,2508
9,795,2504
11,784,2497
11,786,2494
11,736,2514
2,761,2533
2,752,2528
2,756,2522
2,777,2521
5,857,2593
5,872,2595
5,891,2594
5,902,2598
6,892,2595
3,893,2592
2,903,2605
5,898,2604
13,910,2562
15,920,2564
15,943,2558
13,833,2590
12,838,2584
9,851,2581
9,850,2573
10,837,2573
10,836,2573
14,934,2680
11,925,2682
16,934,2670
12,914,2665
16,893,2664
15,955,2702
17,942,2703
17,956,2703
17,946,2705
17,943,2704
13,943,2705
9,974,2609
8,972,2605
8,982,2605
7,983,2598
3,979,2596
NA,1035,2661
NA,1029,2663
NA,1030,2662
NA,1026,2659
NA,1033,2658
NA,1029,2650
NA,896,2743
NA,892,2739
NA,887,2737
6,885,2717
5,900,2715
NA,936,2759
9,936,2748
9,939,2753
9,933,2752
9,932,2754
9,942,2754
NA,804,2676
NA,790,2666
NA,787,2665
NA,771,2664
NA,774,2664
NA,790,2619
NA,796,2610
NA,794,2610
NA,817,2669
NA,824,2671
NA,803,2664
NA,833,2650
NA,822,2650
NA,808,2651
NA,815,2648
NA,814,2646
NA,698,2660
NA,711,2662
NA,714,2658
NA,697,2656
NA,712,2651
NA,704,2653
4,477,2593
4,469,2592
4,485,2589
4,481,2586
4,499,2577
NA,448,2556
NA,452,2555
NA,452,2553
NA,457,2555
NA,453,2555
NA,428,2582
NA,469,2463
NA,467,2460
NA,471,2458
NA,477,2456
NA,474,2455
NA,477,2489
NA,473,2489
NA,462,2490
NA,459,2493
NA,454,2494
NA,449,2496
NA,496,2491
NA,488,2501
NA,489,2501
NA,492,2508
NA,497,2506
NA,533,2474
NA,540,2476
NA,535,2474
NA,534,2475
NA,537,2476
NA,541,2477
NA,526,2430
NA,513,2426
4,512,2360
4,536,2357
4,530,2356
11,610,2389
11,608,2384
10,615,2381
11,597,2380
11,588,2374
10,571,2374
9,506,2412
9,505,2412
9,502,2415
NA,511,2431
NA,504,2428
NA,583,2321
NA,576,2321
NA,549,2321
NA,548,2324
NA,551,2324
NA,548,2321
4,527,2315
4,529,2313
3,528,2312
3,520,2313
3,515,2313
3,491,2264
2,481,2269
NA,466,2266
NA,453,2267
NA,444,2268
NA,443,2267
7,519,2303
7,510,2303
7,510,2305
7,505,2301
7,506,2293
5,532,2363
NA,538,2379
NA,535,2378
NA,529,2372
NA,530,2374
NA,529,2377
1,480,2417
1,477,2424
1,466,2420
1,473,2417
1,473,2408
NA,499,2338
NA,507,2341
NA,510,2336
NA,550,2285
NA,544,2281
NA,548,2245
NA,576,2250
NA,579,2245
NA,568,2240
1,572,2240
1,574,2239
5,540,2312
5,530,2306
5,523,2293
4,519,2287
4,526,2286
5,526,2279
5,531,2300
5,526,2302
5,516,2306
4,516,2307
4,515,2298
4,517,2293
8,430,2223
8,441,2224
8,439,2208
8,444,2206
2,446,2190
NA,496,2212
NA,488,2203
NA,477,2192
NA,480,2191
NA,483,2189
NA,485,2191
5,422,2034
5,418,2026
6,409,2019
7,398,2013
7,387,2012
NA,361,1927
3,353,1864
4,358,1868
4,361,1865
5,349,1867
6,345,1871
10,408,1927
9,403,1931
10,409,1936
10,410,1941
9,416,1934
1,484,1859
1,480,1860
3,497,1852
5,489,1849
6,484,1848
6,483,1854
NA,420,1844
NA,413,1842
NA,406,1839
NA,395,1838
NA,381,1839
NA,342,1889
NA,345,1881
NA,357,1881
1,350,1889
3,352,1936
2,356,1932
6,312,1901
5,306,1896
5,310,1894
5,317,1891
5,310,1895
NA,344,1845
NA,343,1844
NA,340,1841
NA,339,1841
NA,344,1840
NA,330,1818
NA,289,1714
NA,289,1709
NA,298,1709
NA,297,1711
NA,290,1717
NA,310,1811
NA,306,1811
NA,303,1810
NA,300,1808
NA,300,1817
NA,296,1817
NA,318,1816
NA,323,1816
NA,323,1814
NA,323,1811
5,321,1812
5,307,1781
5,295,1768
5,296,1740
5,290,1716
7,265,1699
10,266,1686
13,289,1730
15,289,1727
25,283,1693
27,277,1691
30,269,1681
34,211,1682
39,206,1668
43,211,1660
35,198,1644
38,198,1641
41,197,1642
44,221,1639
36,215,1641
37,216,1627
22,618,1883
22,611,1870
16,524,1906
16,526,1902
19,526,1903
24,526,1899
26,526,1902
27,539,1908
15,584,1805
15,581,1811
16,585,1809
17,585,1811
18,582,1816
79,129,1562
79,129,1546
74,128,1545
77,139,1536
77,140,1517
80,148,1504
59,215,1424
62,216,1399
62,208,1390
60,215,1384
63,207,1376
18,221,1350
11,206,1312
11,214,1309
12,200,1299
11,206,1298
11,206,1293
13,290,1300
14,284,1300
16,287,1292
18,270,1284
21,261,1282
24,287,1214
26,288,1210
22,282,1199
10,280,1192
10,291,1210
9,297,1197
22,321,1235
23,322,1234
23,337,1220
20,350,1213
22,339,1211
21,318,1186
24,328,1176
23,334,1175
25,336,1175
14,367,1146
14,362,1152
37,318,1109
37,324,1111
36,318,1110
36,314,1104
30,310,1095
42,328,1124
41,327,1119
39,329,1120
40,325,1096
41,327,1091
41,325,1091
37,251,1021
35,253,1025
35,256,1024
32,273,1038
33,276,1029
22,288,1004
21,303,1003
22,311,1004
15,320,994
13,330,988
12,333,987
11,341,998
14,390,1034
12,388,1027
9,386,1025
9,382,1022
28,448,1009
28,443,1015
29,429,1015
35,426,1013
34,432,1007
33,427,1007
33,363,983
32,357,981
31,353,983
22,327,939
20,324,935
24,316,820
23,323,819
21,327,826
20,326,828
19,321,829
18,322,826
24,335,802
23,329,796
22,327,795
20,322,795
24,291,835
26,280,831
26,278,831
27,276,828
29,270,828
32,277,827
37,277,827
44,257,931
47,263,930
47,270,930
47,271,928
48,275,933
40,280,896
39,265,866
38,268,862
38,277,864
39,283,863
40,280,861
20,265,886
19,265,886
19,267,886
23,264,890
25,264,888
33,279,868
37,275,873
31,253,781
29,257,785
28,265,784
27,270,784
29,247,744
29,247,744
30,252,746
30,250,748
30,253,751
38,152,841
37,150,842
37,142,843
38,138,845
57,115,937
56,124,935
55,211,947
58,211,951
56,231,954
54,241,957
55,238,956
44,186,955
42,178,956
41,193,964
41,192,964
38,183,959
64,188,952
51,221,910
48,218,910
49,221,904
51,222,901
52,223,901
54,247,904
26,253,896
27,248,890
27,252,898
28,247,896
28,244,895
51,270,878
33,259,886
33,259,895
34,256,899
35,250,906
36,242,907
36,246,880
36,248,880
36,250,879
36,251,883
35,245,882
58,175,907
58,176,906
57,219,862
56,221,862
57,226,860
55,226,858
59,189,924
57,197,929
56,206,927
55,209,917
44,226,912
43,244,803
42,241,807
41,237,801
41,242,802
59,223,780
59,222,784
65,245,781
66,233,779
67,232,777
66,233,778
66,235,780
57,242,666
56,243,671
53,241,683
51,240,678
51,237,687
40,238,841
29,231,876
29,242,875
29,253,870
31,252,868
30,261,860
32,296,696
33,299,703
33,302,695
35,304,696
38,314,698
38,318,700
28,302,779
50,240,715
49,240,706
46,240,709
47,244,703
102,245,696
102,245,702
98,253,705
98,255,707
98,256,702
98,254,707
113,280,647
114,277,644
90,277,668
89,277,669
87,287,668
97,361,640
96,378,645
93,392,641
90,399,640
91,405,642
88,412,638
59,317,556
61,336,560
61,340,559
61,336,558
92,311,542
79,343,493
81,340,493
78,338,495
71,347,498
72,331,502
73,336,505
93,284,593
93,284,594
95,279,593
94,280,588
95,283,585
102,289,568
106,275,565
102,272,569
103,267,566
102,265,569
102,261,570
121,279,583
119,282,604
116,285,600
112,284,594
106,288,596
133,284,711
138,286,705
108,257,725
109,260,716
106,259,718
102,259,707
110,271,646
112,269,646
110,267,653
108,266,658
110,266,660
109,240,669
109,239,669
110,236,678
81,248,682
81,248,681
81,250,677
79,289,683
78,292,677
79,287,671
83,283,676
84,281,667
96,266,636
100,262,627
98,260,629
85,254,625
79,256,627
89,243,642
91,277,714
97,279,716
94,279,715
94,282,714
97,284,716
113,340,769
109,332,764
111,333,767
110,329,768
115,326,763
111,323,761
135,349,755
240,311,710
240,314,713
249,317,715
247,317,715
235,366,829
235,365,812
242,363,815
243,361,819
247,356,821
246,351,819
243,319,771
243,323,765
267,318,736
266,329,730
268,333,731
258,324,724
259,315,725
260,304,722
264,305,718
268,302,720
270,302,719
279,308,737
276,308,734
275,306,743
278,307,745
148,311,819
108,315,767
103,319,764
104,321,770
106,325,765
107,324,772
111,324,765
147,332,683
144,334,687
150,332,691
144,332,693
143,332,691
307,348,735
301,347,728
296,352,727
298,352,721
306,351,724
302,352,728
292,355,756
287,357,751
292,362,756
300,364,755
309,366,757
283,337,820
280,335,813
361,341,806
369,340,800
367,343,798
362,340,793
404,295,831
408,301,831
406,304,825
405,311,817
382,307,823
388,313,813
387,301,816
390,297,814
505,304,773
501,306,783
499,306,783
559,341,717
565,346,717
570,341,719
573,346,725
571,350,717
652,343,734
660,354,729
659,357,729
658,360,729
663,360,708
696,311,717
657,355,771
651,357,781
651,353,780
651,354,774
653,347,761
672,434,822
665,428,825
663,428,818
657,425,817
657,423,825
655,415,823
684,395,858
442,439,751
445,436,754
446,424,763
444,419,765
480,384,716
480,378,712
482,375,704
484,372,699
484,369,705
486,369,706
452,416,837
454,414,833
299,458,806
299,458,804
293,465,804
291,467,809
330,420,803
328,419,797
326,420,801
319,419,804
321,418,807
380,446,875
378,443,881
373,445,887
376,450,891
319,476,882
320,476,882
321,507,878
320,509,876
401,479,861
401,474,866
397,476,871
441,434,995
441,436,994
441,437,992
441,443,999
436,444,986
513,355,927
491,420,934
489,425,928
487,426,941
487,431,939
488,434,943
516,423,957
515,425,942
518,427,939
520,425,940
523,428,942
527,429,934
536,419,925
627,444,956
629,446,951
631,452,952
631,438,960
675,383,948
677,376,966
677,371,980
683,370,981
684,359,977
688,356,972
690,349,869
694,346,875
695,345,881
601,334,878
599,332,873
620,340,904
619,343,901
621,343,904
626,345,902
626,343,916
629,348,920
599,321,960
600,317,957
600,315,954
599,321,954
573,331,921
660,481,945
654,477,937
652,489,941
659,485,949
662,485,953
662,489,955
681,570,972
683,568,968
684,573,969
684,569,976
678,569,979
660,507,957
533,483,978
533,487,992
535,482,996
534,476,999
534,473,1008
497,512,928
501,510,932
498,508,926
500,504,931
497,505,933
591,384,951
576,385,963
571,379,962
769,319,926
764,323,920
751,324,925
842,339,862
840,350,863
837,344,864
834,345,872
828,339,874
786,359,814
788,357,812
791,360,817
792,361,817
861,401,791
861,403,794
978,385,815
963,389,811
957,392,817
956,396,826
948,393,827
978,372,766
973,371,757
969,374,757
969,369,757
971,371,758
973,370,754
845,336,762
841,339,761
843,340,767
846,346,767
843,347,772
854,329,772
856,326,778
856,335,772
852,332,771
848,335,770
846,333,781
825,345,744
836,383,721
829,381,723
831,382,727
834,385,725
758,323,748
762,323,748
763,322,751
762,322,754
899,272,737
899,274,744
935,317,759
943,310,751
940,317,750
959,291,796
960,301,793
1045,315,827
1048,306,829
1048,308,825
1049,304,826
1048,299,828
1055,288,828
971,258,773
974,254,775
982,251,778
986,248,779
990,248,783
1126,319,711
1122,318,707
1113,316,700
1105,316,694
1105,316,700
1107,316,698
1078,278,734
1078,281,734
1074,280,738
1076,278,743
1081,278,743
1121,282,712
1156,340,698
1155,346,703
1154,344,702
1151,344,701
1151,348,699
1236,286,720
1239,282,716
1237,278,717
1235,275,716
1241,283,715
1260,365,709
1260,362,714
1250,355,709
775,365,740
768,364,740
753,358,745
794,306,696
794,302,700
796,297,697
798,300,703
795,294,706
749,262,627
743,265,622
735,268,624
734,269,626
736,269,620
871,258,631
873,251,573
790,248,572
791,248,567
795,247,572
780,244,570
902,208,532
899,201,531
906,200,530
912,200,530
918,203,525
921,207,524
851,237,507
852,241,510
849,254,507
864,251,506
850,250,508
833,253,469
833,252,473
836,270,476
832,265,479
827,277,478
824,273,472
872,323,459
871,328,452
997,279,457
996,274,451
989,271,439
947,291,456
932,296,454
929,314,455
930,322,440
938,314,434
944,316,435
896,273,437
892,271,443
887,275,427
897,288,427
1069,339,407
1041,314,412
1038,306,406
1039,311,408
1044,313,409
1050,308,410
1059,309,391
1129,325,395
1140,324,396
1148,312,398
1163,313,388
1167,306,394
1130,320,431
1132,322,429
1133,313,429
1128,316,418
1131,313,416
1134,332,418
1160,348,436
1157,353,434
1154,353,433
1150,353,432
1151,356,431
1047,348,429
1007,304,426
1009,339,431
1008,342,432
1004,340,421
1006,344,423
954,302,412
951,308,408
949,304,404
950,320,402
954,321,398
951,322,396
983,332,246
983,343,247
981,355,246
976,363,252
981,372,252
963,373,242
969,380,244
977,376,245
974,383,245
980,382,250
980,383,248
977,343,268
994,343,264
999,343,267
1003,345,271
1089,395,278
1122,381,269
1126,385,271
1127,388,266
1135,380,266
1140,380,268
1145,376,266
1144,380,335
1140,382,340
1138,384,337
1133,385,334
1128,381,326
1085,362,333
1064,372,330
1066,371,327
1063,371,340
1068,377,339
1062,369,341
1034,417,332
1035,417,335
1034,428,332
1031,432,329
1029,436,333
1040,373,357
1042,375,350
1038,372,348
1004,350,351
1004,352,346
1007,346,348
957,358,389
953,362,385
1114,354,372
1107,356,363
1106,357,356
1183,270,391
1182,271,381
1181,268,379
1182,270,385
1177,265,386
1273,340,385
1312,324,442
1311,328,444
1312,336,444
1313,345,442
1312,341,446
1140,378,428
1143,380,423
1149,381,425
1154,382,423
1155,381,415
1156,382,413
950,179,365
949,179,366
948,179,370
950,181,377
949,180,370
966,154,401
970,156,402
981,150,403
983,150,402
990,146,394
991,146,387
971,165,396
972,166,406
1309,159,415
1311,158,413
1312,158,406
1237,157,454
1236,156,451
1241,155,448
1242,155,441
1242,156,440
1242,158,442
1250,141,449
1253,141,447
1257,139,448
1254,139,447
1238,105,446
1222,122,434
1221,125,427
1219,133,424
1219,133,429
1220,127,429
1218,129,422
1273,142,473
1270,143,471
1263,144,475
1255,144,467
1255,140,465
1255,144,450
1180,142,459
1182,143,466
1175,146,473
1175,139,464
1180,134,458
1110,120,436
1110,127,436
1098,130,432
1100,127,427
1092,125,420
1155,149,484
1150,147,476
938,152,471
938,157,467
929,163,467
920,172,461
795,131,485
796,134,491
790,140,493
790,147,493
791,136,504
779,113,551
780,114,549
780,120,558
765,120,564
624,149,579
625,147,595
619,120,480
623,121,465
623,121,466
630,119,470
635,121,465
659,112,505
661,109,502
664,107,512
656,105,515
661,104,514
665,98,518
679,80,519
681,80,534
677,79,528
683,75,520
690,76,522
702,57,587
707,54,587
713,57,594
711,54,608
717,50,607
731,50,596
725,40,621
701,29,631
706,33,637
707,30,647
706,27,639
672,57,654
675,58,666
676,62,662
671,61,660
730,58,658
732,61,661
722,44,658
719,45,658
717,50,659
701,28,665
669,30,680
652,64,789
649,62,814
646,59,814
635,61,825
620,61,834
617,60,832
630,58,846
630,58,828
629,57,816
631,59,820
626,57,813
698,35,832
700,36,841
701,37,852
701,39,840
698,39,836
697,40,851
765,67,911
754,73,916
747,73,911
746,73,908
747,74,914
703,73,978
697,70,967
722,52,968
723,55,966
726,52,963
728,57,959
658,81,912
659,79,912
667,81,910
667,81,918
668,78,915
805,80,943
801,80,941
802,79,950
798,82,954
803,81,959
806,80,959
787,64,1019
784,66,1015
783,69,1017
780,69,1013
780,68,1009
772,58,1031
771,55,1030
775,58,1032
780,50,1029
798,54,1036
986,49,1035
868,35,1069
867,29,1066
818,30,1074
816,29,1070
817,28,1075
852,61,1067
852,60,1049
854,61,1062
856,55,1066
856,55,1059
859,54,1044
834,30,1037
822,31,1090
822,32,1105
820,34,1108
822,34,1102
823,38,1105
832,30,1029
835,34,1030
835,37,1034
836,33,1042
841,32,1053
803,42,1053
804,41,1046
807,35,1039
682,31,1035
680,27,1044
673,30,1039
729,47,1024
728,45,1023
734,42,1018
728,41,1017
728,39,1012
714,55,982
722,52,977
733,47,974
738,46,975
632,49,997
635,48,994
611,50,1017
606,52,1018
604,50,1011
602,44,1010
600,43,1000
692,112,964
688,113,956
681,113,963
680,111,963
676,110,965
678,110,963
725,96,999
727,95,992
727,95,988
737,97,993
741,98,988
649,101,1003
652,93,1006
654,86,1004
669,81,1005
669,81,1008
731,81,1007
804,69,926
784,70,928
829,69,916
820,71,911
813,72,911
925,67,964
925,68,962
927,69,964
933,68,960
938,67,957
939,68,958
902,75,969
902,74,975
895,76,974
891,77,969
833,79,963
935,87,1013
931,90,1017
928,88,1023
925,91,1018
929,90,1012
927,78,1009
887,65,936
882,64,938
867,62,943
860,62,941
856,61,950
748,74,1001
810,70,980
816,70,990
816,71,994
820,73,995
815,74,998
798,74,1029
803,70,1033
814,66,1041
812,61,1046
813,56,1045
834,63,968
834,62,972
782,49,987
776,48,998
772,46,994
768,49,995
773,48,981
776,48,984
783,45,988
782,45,990
789,47,983
679,35,1061
690,37,1090
697,39,1080
693,37,1075
796,28,1082
794,28,1079
813,30,1140
818,31,1135
818,33,1131
810,43,1134
815,46,1137
786,56,945
785,59,945
785,56,943
784,61,946
782,64,930
777,58,934
752,81,972
753,77,978
750,78,986
751,71,987
752,67,988
705,47,941
707,51,941
707,59,947
705,63,949
709,66,957
713,64,954
652,61,1019
650,62,1021
539,47,1042
535,49,1039
537,48,1043
493,57,1017
490,51,1007
489,47,997
486,44,1003
489,45,996
486,46,994
443,28,1014
436,28,1025
436,28,1016
436,28,1015
481,30,1027
584,47,1000
584,48,993
578,50,988
575,51,984
575,47,984
576,45,991
525,30,1085
527,25,1084
533,25,1075
533,22,1065
531,22,1064
439,25,1024
440,27,1023
447,29,1020
444,30,1024
448,31,1028
447,34,1032
374,44,1108
380,46,1110
384,44,1102
388,44,1101
388,48,1094
409,77,1115
412,78,1115
543,75,1110
540,75,1114
542,76,1120
538,75,1115
511,85,1181
519,83,1185
522,79,1186
518,81,1196
522,83,1195
591,74,1127
600,81,1127
596,86,1108
591,88,1105
591,92,1127
587,85,1118
601,71,1216
611,66,1217
604,64,1227
600,67,1242
598,66,1246
567,73,1321
555,64,1326
559,64,1324
550,58,1322
553,58,1306
549,51,1311
503,36,1276
504,37,1276
500,35,1277
500,34,1285
499,34,1299
554,16,1249
554,15,1268
549,14,1282
543,16,1289
537,15,1292
537,13,1289
565,12,1493
560,11,1513
587,9,1538
587,9,1537
590,15,1561
628,4,1579
622,2,1572
621,NA,1577
623,NA,1574
625,NA,1561
622,1,1566
602,9,1555
601,9,1553
601,9,1556
628,9,1583
631,9,1596
613,17,1708
611,16,1709
605,16,1716
606,18,1728
620,16,1742
606,16,1731
647,19,1740
641,20,1729
649,21,1718
652,24,1712
655,26,1706
735,17,1639
728,21,1640
732,21,1627
733,18,1613
736,19,1600
741,19,1584
765,25,1612
760,32,1602
761,36,1613
763,37,1602
762,37,1592
802,29,1647
808,34,1638
832,18,1669
833,24,1666
820,27,1666
810,32,1653
864,35,1712
850,29,1707
844,27,1700
843,27,1692
846,30,1685
844,32,1680
850,61,1778
847,67,1790
841,64,1777
908,73,1711
909,81,1710
963,104,1708
957,115,1698
958,128,1690
953,137,1693
957,140,1712
960,142,1721
1001,82,1607
1003,75,1610
1011,68,1608
1007,68,1612
1004,65,1610
1013,70,1634
1014,74,1630
1017,76,1629
1014,84,1614
1012,84,1608
1012,86,1600
1034,101,1638
1036,104,1636
1038,106,1623
1018,115,1615
998,118,1606
971,118,1652
971,128,1650
916,110,1629
905,113,1638
891,112,1636
875,114,1647
746,101,1694
746,93,1693
753,96,1697
753,108,1698
755,113,1699
705,114,1724
706,119,1724
716,118,1723
871,117,1722
875,121,1730
874,119,1725
991,77,1621
994,75,1620
995,73,1617
993,71,1610
993,72,1605
1059,63,1729
1060,59,1725
1066,62,1722
1072,67,1723
1071,68,1731
1012,63,1754
1019,47,1733
1014,46,1736
1000,50,1734
1001,50,1736
1002,39,1751
857,54,1742
858,58,1739
849,53,1745
844,47,1748
839,48,1750
822,47,1756
865,45,1792
896,37,1801
889,32,1797
886,33,1801
879,38,1794
917,24,1839
915,26,1847
914,25,1840
910,28,1834
897,28,1836
891,28,1833
825,10,1830
829,9,1840
823,13,1842
786,12,1843
777,16,1848
853,22,1801
857,22,1796
869,19,1794
873,20,1797
876,22,1802
890,25,1817
926,41,1875
932,43,1877
923,50,1877
925,45,1878
928,39,1874
915,24,1864
919,27,1865
914,29,1863
922,31,1872
921,26,1877
919,24,1876
899,25,1834
895,25,1837
893,20,1835
892,19,1831
886,21,1831
1013,23,1822
1012,25,1822
998,27,1802
995,27,1808
981,31,1827
982,32,1840
1014,29,1964
1023,30,1950
1023,28,1936
1027,29,1929
1027,32,1936
950,34,1936
943,35,1949
933,37,1961
932,36,1967
1039,33,1958
1039,32,1968
1105,18,1999
1100,19,2000
1104,22,2005
1093,18,2014
1096,17,2031
1139,6,2065
1134,6,2055
1129,6,2048
1119,7,2054
1117,7,2045
1158,4,1992
1137,14,1957
1138,12,1950
1137,14,1947
1142,18,1942
1144,16,1955
1156,2,1997
1158,2,2017
1163,1,2015
1163,3,2018
1164,2,2027
1167,3,2031
1163,22,2132
909,16,2138
915,15,2141
914,18,2131
896,15,2143
926,21,2265
928,19,2268
928,20,2266
942,25,2269
947,26,2280
944,27,2280
903,7,2302
913,6,2310
920,8,2325
743,16,2314
745,11,2325
764,21,2276
758,24,2284
753,24,2283
734,23,2284
725,24,2279
711,18,2275
763,25,2350
760,25,2353
762,27,2349
759,27,2338
759,27,2330
1021,9,2279
1010,10,2273
1017,11,2273
1006,12,2273
1006,13,2273
1006,14,2275
927,14,2198
929,14,2206
936,14,2210
934,14,2212
931,14,2226
995,12,2297
989,13,2300
1304,24,2280
1315,19,2284
1333,19,2287
1315,22,2292
1306,8,2406
1310,6,2403
1314,5,2401
1321,5,2399
1329,6,2403
1283,15,2428
1287,16,2439
1295,18,2427
1300,18,2437
1215,13,2394
1218,15,2392
1292,25,2434
1292,23,2439
1295,20,2443
1295,26,2451
1289,30,2451
1253,15,2495
1255,17,2493
1239,17,2502
1238,17,2510
1220,19,2505
1221,10,2496
1212,20,2443
1212,21,2437
1210,26,2425
1208,25,2419
1209,26,2419
1260,46,2569
1260,45,2567
1257,49,2552
1256,47,2541
1258,44,2538
1254,44,2525
1305,26,2520
1298,22,2511
1051,37,2505
1047,34,2516
1042,36,2516
1042,35,2618
1040,34,2612
1042,35,2621
1037,33,2618
1043,34,2616
1047,33,2619
1123,31,2612
1125,31,2627
1145,32,2630
1146,33,2626
1468,48,2646
1399,34,2658
1403,37,2635
1410,37,2633
1418,38,2635
1418,37,2636
1418,40,2624
1415,40,2745
1420,39,2749
1422,39,2753
1414,40,2751
1421,41,2746
1564,48,2739
1486,39,3028
1491,44,3022
1504,42,3021
1500,41,3019
1505,39,3019
1521,48,3012
1517,47,3012
1519,46,3016
1513,39,3014
1516,40,3012
1515,40,3018
1470,57,3165
1226,57,3140
1223,53,3131
1229,48,3130
1233,49,3135
1179,37,3129
1180,36,3139
1182,35,3138
1184,36,3146
1185,33,3156
1182,32,3158
1227,20,3212
1228,20,3215
1238,20,3222
1176,17,3171
1184,12,3184
1173,22,3252
1174,22,3264
1167,21,3268
1172,21,3269
1168,20,3267
1184,19,3278
1230,7,3364
1231,6,3368
1221,7,3385
1205,8,3376
1200,8,3370
1161,11,3436
1157,9,3422
1153,8,3435
1147,9,3443
1146,9,3444
1144,11,3438
1082,11,3397
1077,12,3395
1080,14,3404
1078,17,3424
1082,18,3437
1150,9,3471
1150,8,3461
1558,12,3447
1556,13,3439
1561,13,3436
1558,14,3435
1608,18,3463
1609,17,3459
1609,15,3458
1608,15,3458
1609,15,3463
1571,23,3650
1571,23,3645
1572,23,3650
1571,26,3648
1686,24,3619
1686,28,3622
1645,18,3510
1643,22,3502
1641,26,3493
1642,21,3493
1640,19,3486
1515,14,3453
1514,21,3435
1514,24,3421
1536,23,3405
1537,26,3378
1540,29,3359
1288,38,3529
1290,33,3520
1289,30,3506
1292,30,3501
1289,32,3491
1207,39,3524
1213,39,3514
1213,41,3506
1213,43,3508
1221,38,3508
1220,36,3513
1189,37,3485
1186,38,3479
1291,39,3525
1290,36,3525
1295,31,3525
1313,25,3693
1316,25,3687
1311,24,3683
1312,26,3676
1309,25,3672
1306,25,3668
1252,25,3620
1252,22,3623
1250,19,3621
1246,17,3621
1262,16,3564
1231,12,3593
1230,1,3596
1231,1,3594
1223,1,3601
1223,6,3605
1214,9,3595
1276,10,3550
1276,6,3554
1276,8,3561
1275,7,3558
1279,11,3576
1260,6,3722
1294,3,3745
1294,4,3755
1292,5,3760
1295,5,3767
1296,6,3775
1232,13,3783
1227,15,3795
1230,17,3781
1233,18,3789
1232,19,3807
1263,22,3821
1258,24,3818
1259,21,3825
1293,22,3853
1295,30,3864
1296,30,3871
1302,24,3877
1303,32,3880
1302,30,3892
1302,22,3888
1301,24,3894
1273,12,3954
1273,11,3952
1272,12,3954
1269,10,3957
1270,19,3958
17,22,4202
16,29,3949
18,29,3946
19,22,3951
18,22,3945
19,18,3944
19,25,4001
18,21,4003
21,23,4002
20,23,4000
20,22,4007
20,19,4013
1006,11,3816
1007,13,3814
1010,12,3814
1011,8,3814
1016,8,3818
1019,1,3969
1019,2,3966
1016,1,3974
1016,2,3984
1016,2,3989
1018,2,3994
1048,2,3966
1050,2,3963
1061,1,3936
1063,2,3930
1064,3,3941
1038,1,3928
1042,2,3916
1052,5,3913
1055,6,3920
1064,6,3907
1072,6,3903
1130,3,3922
1134,2,3919
1137,1,3906
1138,3,3898
1110,3,3860
1142,9,3840
1145,10,3842
1144,10,3838
1147,13,3841
1151,15,3843
1155,19,3843
1087,9,3806
1093,12,3816
1092,12,3826
1092,12,3826
1090,13,3827
1095,28,3893
1162,35,3879
1165,34,3887
1168,35,3886
1170,31,3874
1171,23,3876
1141,14,3822
1142,13,3828
1148,13,3830
1147,11,3838
1150,8,3833
1219,2,3859
1223,2,3864
1226,2,3870
1175,2,3856
1179,2,3858
1181,2,3865
1194,1,4043
1195,1,4036
1194,1,4047
1193,2,4047
1194,2,4049
1180,2,4102
1180,3,4091
1180,3,4106
1184,3,4112
1182,4,4114
1186,7,4100
1253,4,4101
1251,4,4101
1251,4,4101
1248,4,4102
1246,4,4112
1195,8,4245
1191,12,4255
1191,12,4251
1190,11,4244
1194,13,4255
1195,16,4263
1186,5,4314
1253,7,4287
1256,9,4281
1259,8,4265
1260,4,4267
1271,2,4337
1273,4,4336
1275,5,4343
1276,5,4363
1272,4,4358
1271,2,4358
1318,4,4199
1319,4,4199
1318,3,4204
1350,2,4238
1348,2,4235
1346,3,4234
1368,9,4271
1366,11,4280
1363,12,4269
1361,10,4265
1363,10,4266
1399,6,4385
1404,6,4396
1401,6,4402
1400,2,4394
1400,1,4388
1408,3,4379
1414,21,4307
1418,35,4304
1416,44,4330
1417,49,4325
1414,47,4337
1402,46,4386
1406,45,4387
1406,43,4384
1411,40,4382
1412,41,4390
1414,39,4388
1375,41,4412
1404,38,4357
1404,32,4352
1408,24,4336
1409,18,4324
1474,10,4218
1476,5,4234
1477,2,4225
1477,2,4223
1478,3,4227
1478,2,4238
1454,NA,4503
1453,NA,4505
1459,NA,4506
1445,NA,4532
1453,NA,4533
1405,4,4588
1403,5,4588
1405,8,4600
1403,9,4602
1408,10,4612
1406,7,4602
1390,1,4724
1386,1,4731
1386,1,4746
1384,1,4758
1384,4,4758
1387,NA,4659
1388,NA,4672
1393,NA,4679
1395,1,4678
1396,1,4681
1395,2,4670
1405,2,4566
1403,NA,4576
1399,5,4589
1403,1,4608
1400,3,4607
1391,8,4823
1396,12,4807
1395,12,4777
1400,9,4809
1402,12,4821
1402,10,4835
1445,2,4844
1446,NA,4833
1447,NA,4839
1440,NA,4833
1439,NA,4843
1413,2,4919
1413,2,4924
1413,2,4934
1412,1,4931
1480,NA,4871
1476,1,4888
1467,NA,4726
1468,2,4724
1466,3,4721
1467,2,4719
1466,1,4725
1490,5,4838
1490,10,4849
1492,11,4848
1492,6,4852
1500,3,4865
1498,2,4866
1228,7,4937
1231,7,4946
1229,3,4959
1229,3,4961
1227,4,4959
1319,2,4997
1318,1,5020
1319,4,5041
1319,7,5043
1320,9,5052
1320,8,5039
1380,7,5105
1379,9,5113
1537,8,5140
1537,9,5131
1538,12,5137
1495,22,5036
1492,35,5040
1495,30,5056
1494,23,5072
1497,14,5086
1496,13,5090
1497,10,5120
1497,12,5134
1492,6,5115
1493,10,5125
1449,11,5219
1488,13,5246
1485,13,5242
1485,11,5239
1482,12,5236
1502,12,5230
1501,13,5236
1470,14,5217
1470,13,5229
1467,11,5225
1467,11,5225
1464,12,5235
1387,17,5151
1402,18,5161
1401,17,5172
1401,14,5154
1398,14,5149
1394,12,5148
1437,16,5073
1448,14,5045
1448,11,5035
1456,9,5031
1459,5,5042
1538,2,5070
1533,4,5057
1534,4,5051
1564,1,5044
1562,3,5052
1566,4,5053
1574,2,5144
1559,1,5149
1553,NA,5146
1554,NA,5139
1553,NA,5137
1539,NA,5042
1534,NA,5040
1533,NA,5027
1528,2,5020
1529,3,5031
1544,6,5204
1581,6,5166
1587,7,5165
1590,6,5162
1599,6,5164
1601,6,5163
1626,7,5298
1626,6,5298
1624,7,5296
1624,6,5294
1625,5,5297
1622,6,5296
1561,8,5125
1492,NA,5095
1486,1,5098
1481,NA,5115
1479,NA,5118
1544,4,5039
1543,4,5039
1542,4,5035
1541,5,5029
1537,5,5020
1538,6,5022
1572,1,4934
1573,1,4939
1575,1,4937
1543,NA,4933
1544,NA,4930
1647,4,5045
1649,4,5042
1648,4,5032
1649,4,5030
1644,6,5045
1648,6,5048
1660,2,5050
1662,1,5059
1663,1,5057
1669,NA,5061
1670,NA,5054
1771,6,4999
1769,8,4984
1768,8,4996
1767,6,4990
1768,8,4994
1769,5,4993
1728,8,5122
1726,10,5127
1727,10,5122
1730,10,5122
1732,NA,5117
1769,NA,5165
1769,NA,5171
1785,5,5068
1783,4,5077
1779,6,5084
1778,12,5084
1832,18,5132
1832,15,5134
1832,10,5127
1829,8,5136
1831,7,5143
1819,21,5126
1823,21,5134
1823,21,5147
1827,23,5149
1835,28,5176
1832,26,5196
1791,16,5325
1795,16,5308
1796,15,5307
1800,12,5310
1802,11,5306
1830,19,5410
1830,17,5408
1828,16,5410
1831,16,5406
1829,15,5398
1831,16,5405
1781,12,5330
1781,12,5308
1781,12,5312
1782,11,5306
1782,8,5296
1808,NA,5266
1809,NA,5252
1808,NA,5249
1807,NA,5244
1807,1,5244
1806,10,5234
1767,10,5234
1767,10,5223
1775,8,5245
1775,7,5244
1775,7,5238
1775,2,5241
1758,1,5148
1756,NA,5143
1755,NA,5146
1756,NA,5143
1750,NA,5149
1723,NA,5160
1724,NA,5159
1725,NA,5155
1725,NA,5138
1711,NA,5141
1714,NA,5145
1731,5,5258
1729,5,5259
1729,5,5258
1729,5,5255
1729,5,5262
1687,NA,5165
1692,NA,5167
1694,NA,5165
1694,NA,5162
1696,NA,5149
1695,NA,5156
1644,9,5154
1647,7,5160
1645,3,5165
1648,NA,5178
1647,NA,5211
1635,17,5248
1637,21,5263
1637,12,5258
1641,10,5259
1640,11,5264
1644,14,5278
1655,13,5324
1659,13,5319
1697,18,5339
1700,18,5336
1700,18,5324
1747,16,5394
1746,16,5412
1746,17,5397
1749,17,5396
1751,15,5390
1751,15,5377
1729,14,5444
1727,14,5444
1728,14,5433
1721,15,5413
1730,15,5390
1761,14,5352
1764,18,5365
1764,19,5364
1766,22,5377
1767,22,5383
1766,20,5384
1740,15,5414
1740,14,5410
1741,17,5416
1739,17,5423
1738,17,5409
1754,14,5436
1693,16,5463
1692,15,5463
1690,25,5467
1690,24,5458
1692,24,5450
1712,21,5399
1713,22,5399
1714,20,5406
1722,19,5406
1723,16,5382
1738,15,5284
1742,8,5277
1746,10,5281
1755,16,5224
1760,17,5224
1760,25,5199
1690,29,5299
1694,31,5300
1698,29,5283
1697,28,5284
1701,48,5250
1717,44,5321
1720,43,5328
1723,40,5316
1722,44,5341
1726,41,5340
1694,44,5386
1716,46,5459
1718,42,5467
1718,42,5474
1719,40,5483
1719,37,5452
1726,99,5390
1730,92,5389
1730,91,5368
1734,90,5383
1731,88,5385
1734,87,5395
1757,86,5428
1762,84,5429
1762,82,5440
1765,79,5454
1765,76,5456
1798,59,5345
1836,57,5371
1834,56,5375
1835,56,5387
1833,52,5398
1835,53,5399
1771,65,5782
1771,58,5796
1768,56,5792
1802,54,5665
1799,54,5655
1723,38,5580
1722,40,5576
1722,39,5558
1720,39,5566
1721,42,5547
1724,44,5542
1741,49,5561
1738,49,5562
1735,46,5558
1742,43,5575
1742,41,5580
1893,64,5469
1888,59,5468
1892,65,5471
1894,62,5467
1893,62,5470
1895,61,5469
1885,55,5595
1883,45,5599
1885,46,5592
1884,43,5585
1884,42,5584
1840,31,5672
1843,30,5680
1896,32,5688
1902,33,5692
1913,36,5684
1915,36,5691
1941,30,5696
1939,30,5700
1943,32,5690
1941,32,5697
1943,33,5691
1888,37,5669
1889,41,5661
1893,42,5659
1891,42,5659
1937,43,5598
1940,47,5602
1922,41,5653
1924,44,5650
1919,43,5648
1920,42,5642
1916,38,5639
1938,120,5630
1936,120,5625
1934,120,5631
1934,119,5632
1932,121,5633
1938,119,5637
1916,123,5769
1918,123,5769
1915,121,5761
1919,121,5765
1919,120,5758
1825,112,5952
1823,112,5958
1823,113,5953
1829,114,5955
1827,110,5955
1827,112,5952
1903,108,5720
1905,104,5719
1905,100,5701
1906,98,5708
1904,95,5704
1928,100,5940
1925,99,5944
1927,104,5947
1927,102,5951
1927,100,5946
1932,100,5937
1913,102,5903
1918,104,5899
1920,102,5899
1923,105,5900
1940,103,5828
1976,106,5831
1977,101,5835
1978,99,5832
1977,97,5830
1975,96,5828
1976,92,5833
1926,96,6053
1928,96,6045
1927,96,6044
1929,96,6041
1927,98,6042
1885,84,6042
1892,88,5989
1892,89,5990
1894,88,5994
1893,85,6005
1897,79,6009
1965,92,5993
1967,84,5988
1966,75,5986
1968,71,5980
1966,70,5973
1896,69,6045
1893,66,6039
1886,67,6047
1831,68,6008
1835,68,6013
1837,68,6013
1912,64,5994
1914,68,5987
1974,70,5989
1976,72,5992
1975,71,5984
1950,5,5885
1950,5,5885
1949,5,5879
1954,5,5881
1952,5,5883
1958,5,5881
2004,NA,5939
2005,NA,5948
2003,NA,5944
2004,NA,5942
2003,NA,5937
1959,5,5972
1952,5,5968
1954,5,5969
1956,5,5973
1955,5,5977
1964,5,5971
1889,NA,6142
1889,NA,6157
1939,NA,6167
1941,NA,6166
1939,NA,6165
1940,NA,6177
1986,NA,6169
1983,NA,6172
1981,NA,6177
1980,NA,6182
1977,NA,6179
1995,1,6250
1994,1,6242
1995,1,6265
1997,1,6275
2016,NA,6184
2018,NA,6181
2018,NA,6233
2018,NA,6233
2013,NA,6234
2013,NA,6236
2014,NA,6254
2163,NA,6255
2166,NA,6258
2170,NA,6261
2169,NA,6262
2175,NA,6262
2176,NA,6253
2124,2,6339
2125,2,6338
2127,3,6345
2127,4,6338
2130,4,6343
2142,5,6222
